professor,harsh grading,great teaching,poor teaching,engaging lectures,boring lectures,heavy workload,approachable and kind,unavailable or unhelpful,avgRating,department,numRatings
Aamod Samuel,0.004937817109748721,0.9882743954658508,0.0007447429719225814,0.9407885273297628,0.0019183454375403624,0.09762804210186005,0.9067480564117432,0.0018269297142978758,5.0,Engineering,3
Abigail Banan,0.08184241085313261,0.6951401969452854,0.14083875450538472,0.7831643452681601,0.09654445715830662,0.40039169298950583,0.4486180907022208,0.05238932873588056,3.9,Economics,25
Abolfazl Hashemi,0.005382632778491825,0.7280096262693405,0.23405016067408724,0.570136945694685,0.25455351431446616,0.09563615301158279,0.8496054112911224,0.0068356220799614675,4.0,Electrical Engineering,4
Adam Wasserman,0.12640788733154873,0.4578575451212766,0.3334867763729893,0.5927953906357288,0.20466949600615242,0.3896444591439583,0.4168008898215538,0.1074974065889943,4.1,Chemistry,22
Adeola Mobolaji,0.10597055251451416,0.7084521249441119,0.16793407049004194,0.6454963422276907,0.24161073612049222,0.47543358691554105,0.5258490952417358,0.20626223905128427,4.8,Communication,9
Adrian Wolanski,0.009015773018093212,0.9356397322692868,0.04394561370692985,0.9323066317516825,0.004773550018992113,0.12352527513766014,0.8138095474113589,0.023632656345042684,4.8,Management,23
Adriana Lopez Espino,0.09739076644182205,0.8069503903388977,0.038632613758090885,0.8552289009094238,0.0268994806217961,0.31359437890350816,0.2673906542360783,0.056759382650488986,4.0,Economics,5
Ajay Malshe,0.0021813869243487716,0.951407253742218,0.0003816794414888136,0.6629684567451477,0.0003547915257513523,0.04098918475210667,0.13813068438321352,0.0006352485652314499,1.0,Mechanical Engineering,2
Alda Norris,0.004700043355114758,0.6364893168210983,0.0022213742922758684,0.8340961039066315,0.09353742070379667,0.08168137806933373,0.35781469848006964,0.0011200344015378505,4.4,Communication,4
Alexander Francis,0.28462244383990765,0.2737031721509993,0.5191846375167369,0.49980512008070943,0.3331620213272981,0.48567203000187875,0.3246559038117994,0.16605465760687366,2.0,Speech & Hearing Sciences,25
Alexander Kildishev,0.24260803054158503,0.2087085368089342,0.4994819270303616,0.5693141672616968,0.3687254784342188,0.48918984142633587,0.15250585149400508,0.016501323440864395,1.8,Electrical Engineering,13
Alexander Wei,0.09690085686743259,0.7540900051768403,0.058018451805401126,0.7503217245917767,0.07134415691107279,0.34876541877165435,0.3672925755032338,0.09252268359996378,2.4,Chemistry,20
Alisa Sedunova,0.15740183238605304,0.48800412442402114,0.25725214490168063,0.6658445678518287,0.2916033275292388,0.2083016833889165,0.5627458931495701,0.18099301586958713,5.0,Mathematics,7
Allan Bickle,0.16986993104607487,0.31718028953522054,0.5332497277898559,0.5945715229803076,0.336850464289455,0.4845432296860963,0.2903163689225039,0.03301002854883942,2.7,Mathematics,24
Allie Brandt,0.06037723441841081,0.7166510038077831,0.07386520709405886,0.6372590474784374,0.011713764179148711,0.2194520377088338,0.6184059833176434,0.1468886009097332,5.0,Art History,4
Alon Kantor,0.06613121525404732,0.7049165491632227,0.12308942783704918,0.7414365354925394,0.10563184642966877,0.21614543452818433,0.6413425170188851,0.06406980887075643,4.2,Hebrew,23
Amanda Veile,0.013306294235614283,0.7216625678314207,0.14235571050024495,0.6955464950297028,0.15141726286674384,0.11132945966528496,0.6061399078122728,0.059328534311741045,4.5,Anthropology,24
Amina Gabrielov,0.10668871410889551,0.6826954357869303,0.1833921543865775,0.5771104635981222,0.08618163761566393,0.33298240072714785,0.46584203468325236,0.13471695406090778,4.9,Russian,15
Amir Sariri,0.10549368459032848,0.8553676828742027,0.04944272102563575,0.8260369252945695,0.007890000382238733,0.1927626634299356,0.7062188815325499,0.002982832815697683,3.3,Management,14
Amy David,0.024591528154401618,0.7543747289614244,0.06137270173481242,0.8444489674134688,0.02602701521457427,0.3099919024177573,0.8208886384963989,0.019071969386211342,2.3,Management,11
Ana Valero Pena,0.25867087385510484,0.508698267871902,0.23191293518417902,0.5986951118102297,0.14954895788347736,0.2702637420928416,0.4517007913479271,0.14513291358404481,3.3,French,12
Andres Posada,0.1516472322586924,0.6056877594720572,0.2360081519349478,0.7369181596115232,0.12483860796433874,0.5018745688954368,0.39528759754728526,0.022226036636857315,3.2,Computer Science,25
Andres Vargas,0.07956605914747343,0.7959958638611715,0.05167797855800018,0.7749191718548536,0.16435428075608796,0.3416294897533953,0.5550482115941122,0.038881607417715715,4.1,Economics,25
Andrew Freed,0.1321028650527296,0.7433937684157476,0.08262635724410454,0.7655755386998256,0.06139158695320172,0.21855748024002727,0.5710169055698012,0.05798725953475999,5.0,Earth Science,24
Andrew Liu,0.2805054228683002,0.41304760666564105,0.4299237431248184,0.509984629098326,0.2239953947637696,0.3953818786283955,0.22826329721487126,0.17913854694576004,3.6,Industrial Engineering,25
Andrew Pierce,0.07269848010037094,0.6731150274475416,0.3207077552894286,0.8093780477841696,0.1650861946012204,0.35717114247381687,0.6272054450431218,0.305237128030664,5.0,Engineering,3
Andrew Toms,0.012118806147482246,0.6680434962501749,0.12011783279129304,0.7375642383517698,0.13208288370165974,0.16274614647962152,0.6780076398304664,0.006931196593213827,4.6,Mathematics,25
Andrew Yarger,0.008210578532372084,0.8326120740837522,0.007617394892602331,0.7668770535124673,0.01831088542045715,0.18719291480051148,0.6253930777311325,0.007604256957872874,4.6,Statistics,9
Andrey Glubokov,0.04726931266486645,0.9233878183737397,0.018909216152969748,0.927845662534237,0.006867911228910089,0.20221632997039707,0.7719297057390213,0.004166917371330783,3.9,Mathematics,25
Andy Hudmon,0.10906083968196374,0.5933920745414475,0.14706569583278098,0.7057674279203638,0.049717722407270536,0.24340582037499794,0.469165299836378,0.11080942135271875,3.8,Pharmacology,18
Angeline Lyon,0.3189223196418227,0.5446550800292955,0.2089004909313466,0.694747053410696,0.070171032519758,0.5443862246136869,0.376781950185946,0.00739312170923728,3.2,Biology,23
Anirban Das Gupta,0.15692570683022494,0.5468605975911487,0.37091069964226336,0.6079856907017529,0.24960368283500428,0.4495337563334033,0.39110133273643444,0.14797204315982526,2.6,Mathematics,20
Anthony Bergstrom,0.23604108926840126,0.4234475322300568,0.32085353892645796,0.5503513496555388,0.1961248464102391,0.4813230611942709,0.2607066612457857,0.08333256630459801,2.7,Computer Science,25
Anthony Gibbs,0.26780866894114297,0.3222013236954808,0.1682314866266097,0.6516315564513206,0.1315765904764703,0.34268576581962407,0.05611262827005703,0.0009515158453723416,4.7,Strategic Management,4
Antonio Bobet,0.09665941110324638,0.5551784781600873,0.28161816926422034,0.6406167155873845,0.19026822558771528,0.25528159165696707,0.5711379247222794,0.099003319233816,2.9,Civil Engineering,16
Ariel De La Fuente,0.012895168164977804,0.8489505288004875,0.012899411276448518,0.8612498226761818,0.10991133502684533,0.2822830905485898,0.7420977031067014,0.0024903094104956835,4.3,History,25
Ashley Habig,0.011665049256407656,0.6801865997258574,0.02709201846664655,0.7274823719635606,0.007816862918843981,0.08935599401593208,0.5298378027509898,0.00653534647426568,3.9,Aviation,8
Austin Cooper,0.03465842806165003,0.9066956837972006,0.0426177339880572,0.8998317254914178,0.0018652704085171637,0.3969331919733021,0.6587136194575578,0.007168622241200258,3.6,History,9
Austin McDonald,0.24998692120425403,0.03199127687839791,0.5655649909749627,0.28980985209345816,0.5551375113427639,0.38149806670844555,0.002500319812679663,0.10220764034893363,5.0,Engineering,5
Barrett Caldwell,0.3898992774920771,0.41832795386289945,0.30477989167169045,0.5114069194532931,0.21849276292535555,0.5706763439326702,0.36016574805034907,0.21752389971152297,1.5,Engineering,24
Beatriz Castro,0.13006733290152625,0.6922553523653187,0.1922640400810633,0.7185577072948217,0.12064960292656907,0.40129862535744903,0.5027389897045214,0.07007753198151477,4.2,Biology,25
Beatriz Galarza Tohen,0.005999277784472464,0.6976166350900063,0.07728893734747544,0.7531659551230925,0.26247041003703736,0.21922952617751434,0.7822502618655562,0.011821427370055712,4.3,Engineering,14
Benjamin Carter,0.013755524807493202,0.9154805988073349,0.0060481780164991505,0.8144036531448364,0.009293130991864018,0.1705031753226649,0.90544094145298,0.0040443923498969525,4.5,Biochemistry,4
Benjamin Manning,0.048803657836591206,0.627350561786443,0.3340494144261659,0.5298752035014331,0.3287721686065197,0.07849940160910289,0.5297545299399644,0.13513593854925907,3.5,Engineering,3
Benjamin Van Kammen,0.25985117378178985,0.22358743658289312,0.418603661878733,0.4447964107990265,0.3243177500204183,0.4713180101895705,0.1579655075352639,0.19422018045326694,2.2,Economics,25
Beth Holloway,0.06444798794109374,0.6603780855075456,0.20144536100851837,0.7151292970404028,0.19862447749474085,0.348652322916314,0.5765839834697545,0.021838857029797508,3.9,Mechanical Engineering,10
Bettina Klose,0.25103659220505503,0.3016977045638487,0.5163120139017701,0.324703656071797,0.3686681330727879,0.6000125487428158,0.20916492418502458,0.09742777951061726,1.8,Economics,25
Blanca Cabrera,0.12307709815546072,0.6420161451553993,0.2926548837733987,0.7196992465427944,0.20330604258093185,0.28570958196983803,0.608372628880066,0.020691728198601465,4.5,Languages,14
Bonnie Blankenship,0.16217547035840754,0.5921479584390504,0.2771553085913183,0.6322891952262985,0.20629500435704054,0.4666501183787154,0.4411184944587553,0.15294091526205497,2.9,Health & Kinesiology,18
Brandon Chynoweth,0.09309108054731041,0.4095464305137284,0.25242796607199125,0.6251455098390579,0.06378581142053008,0.2445652704918757,0.5320522197434912,0.0018885834069806151,5.0,Aerospace Engineering,4
Brenna  Ellison,0.621271230552035,0.3498683717722694,0.12002801400376484,0.3781661204993725,0.00997745719117423,0.6786004304885864,0.31212173140374944,0.013242393227604529,5.0,Agriculture,3
Brian  Metzger,0.25921848341822623,0.4949590719654225,0.43213163297623397,0.5834885537624359,0.21744154937332497,0.6900028124451637,0.15561253717169166,0.10983656261814759,1.6,Biological Sciences,5
Brian Bullins,,,,,,,,,2.8,Computer Science,4
Brian Tackett,0.004416880217225601,0.9919682343800863,0.00041343376506119967,0.9033164779345194,0.00042035928345285356,0.07023599992195766,0.8177621960639954,0.0008166016583951811,3.7,Chemical Engineering,3
Brian Zuel,0.13378276987521745,0.4699276869445491,0.26332698749405714,0.665206285960534,0.20620798627222778,0.4283844468813828,0.38599905710297583,0.1521381810239023,2.9,Computer & Informational Tech.,17
Brittany Ganser ,0.14387448641814685,0.3598935322630783,0.4070359645687093,0.4859650403775863,0.259551299349895,0.3980658509229359,0.3248018151161408,0.10739871049851277,4.5,Sociology,19
Bushra Ferdousi,0.07552395184228028,0.5964714128058404,0.32561098691869783,0.7094865984876048,0.1821603428212587,0.40656084702773526,0.39680945038245147,0.11784488706193356,1.0,Business,11
Byunghoo Jung,0.1014367299956373,0.5953398728743196,0.2255612564654762,0.8234024147192637,0.05890596972312778,0.5896667593883144,0.2687861767642769,0.0065599777541744215,3.3,Electrical Engineering,9
Cara Putman,0.005610634513210417,0.8457105500468364,0.0631313347548712,0.8858087133793604,0.04788476645245239,0.13144606981049514,0.7011015602675754,0.011164891552956155,4.2,Business,21
Cari Ann Boersma,0.06694389207576237,0.8179325063384193,0.06139462118495859,0.7175966008182835,0.11883938482017531,0.18205843211548842,0.8111417549799251,0.051806520395021996,4.8,Communication,17
Carina Rebello,0.2490914114867337,0.20850919232005252,0.6678350607608445,0.3995586531609297,0.4267423670005519,0.5441072046430782,0.13039201986277477,0.13394219005014749,2.5,Physics,25
Carl Wassgren,0.09623663372825832,0.6942005901620724,0.12783323588315398,0.7960836690664291,0.10135588253266178,0.3523944820836186,0.5287052918481641,0.03168256370350719,3.9,Engineering,25
Carla Rosell,0.45059475684842176,0.23766452818096656,0.34340565403133794,0.3904385630689237,0.15067561815680086,0.5996382429223993,0.15454450071126263,0.17932606026094974,3.6,English,23
Caroline Malone,0.13726329929825928,0.6537100538601711,0.2600685740520324,0.6979345874860883,0.19649277727148728,0.2248078864455844,0.44533696834211395,0.2511426560207231,3.4,Psychology,12
Cary Troy,0.05605078516964568,0.8475513664064541,0.06698692113483655,0.8060636991964808,0.08450766061650938,0.12707484223210486,0.7712014833862971,0.06071531378256623,4.9,Civil Engineering,24
Casey Krusemark,0.29638586735352873,0.3835256289911922,0.5730194589798339,0.5747692472673953,0.5040379828179721,0.48284272208809853,0.2604154277476482,0.19081976608140394,1.1,Biochemistry,25
Cecilia Ying,0.14292465570499188,0.5867106252536177,0.14168335468275473,0.5606628480739891,0.09114220251329243,0.36009967922931535,0.3992961798177566,0.027058628528611735,3.7,Business,25
Chan Choi,0.4197082514734939,0.3475262507877778,0.5328598510613665,0.4938280987180769,0.2958216386893764,0.6029293910181149,0.23636409081402235,0.17385177589487286,2.4,Nuclear Engineering,25
Charles Catalano,0.10227184974064585,0.4737170318083372,0.3006756955917808,0.5303215510910377,0.1399833394898451,0.4915897024329752,0.2773481477517635,0.07243591214064508,5.0,Communication,20
Chengde Mao,0.1421655190992169,0.46044204506324604,0.41470764502882956,0.45146778383059427,0.40235769061255267,0.3677398632396944,0.49893736054364124,0.24230319021735341,2.9,Chemistry,10
Chenzhong Wu,0.0042968097841367126,0.7003354579210281,0.005141740548424423,0.9824220240116119,0.0009003069280879572,0.06378751073498279,0.874272882938385,0.0042038908577524126,3.0,Statistics,2
Chong Xiang,0.06717732731679765,0.9287871897220612,0.02157838219233478,0.8611102720101674,0.010371792578371241,0.22850606054998934,0.8753600021203359,0.004174532258184626,3.5,Economics,15
Christian Butzke,0.03280198440835294,0.8861891478300095,0.010997040375109969,0.8493335545063019,0.006048091299210985,0.33966075054033557,0.636516446997929,0.0030181907996949223,4.4,Food Science,9
Christina Li,0.037513982244383764,0.8713850422817118,0.010617970326326458,0.9198575089959538,0.013427477025235182,0.2477287052966216,0.6755402110352674,0.029339851157548016,4.7,Chemistry,17
Christina Munson,0.3125628132780548,0.3999212461669231,0.424609852861613,0.4794985044747591,0.2646651372895576,0.49025066968752073,0.2868176730189589,0.17839401533274213,2.3,Statistics,20
Christopher Brinton,0.13957875543273984,0.3657855802075937,0.45324177680304273,0.572328183753416,0.34402082179789434,0.4390947564318776,0.35811836923705415,0.10781772878719494,4.9,Computer Engineering,25
Christopher Ewing,0.38550584701200324,0.32110915953914326,0.034632705811721586,0.19278015941381454,0.006897966920708616,0.5240432570377985,0.24402730206687315,0.0022859585005789995,4.3,English,3
Christopher Yeomans,0.4710839152976405,0.1850103538527037,0.46491373462049523,0.5144678468350321,0.19866337393068534,0.5400239691516617,0.06790632866795931,0.13982440537802177,2.8,Philosophy,16
Chuck Krousgrill,0.22292820218019188,0.20122897349298,0.651891991761513,0.481422219760716,0.4279481748351827,0.5735360746271908,0.11936270929407328,0.18362208601785823,4.5,Engineering,25
Cindy Harwood,0.03913198630791157,0.8916998256370425,0.03188750583794899,0.8903336369991303,0.017531194345792755,0.24316971601918339,0.8087022083997727,0.008677414837293326,4.2,Chemistry,25
Clark Cory,0.05692666060291231,0.8436598966666498,0.14528536455298308,0.8180980594456195,0.09702122552669606,0.3396239120513201,0.6828463118174113,0.037590286217164245,4.2,Computer Science,25
Claudia Bruschi Claudia Bruschi,0.02926071019464871,0.46513763815164566,0.2697651478520129,0.3429182097315788,0.035804443185043056,0.24536703321064124,0.4513065207283944,0.09104913759802002,2.7,Finance,4
Clifford Fisher,0.15300530353793873,0.6385752830514684,0.2544967046729289,0.6452642705105245,0.14494977616937832,0.38464256388135254,0.428152131435927,0.11152413882431574,4.6,Management,25
Coco Lemery,0.03199454785014192,0.6725155928482612,0.20299585734998496,0.7539103031158447,0.08657792430797902,0.35801386181265116,0.6833307594060898,0.11245201943287005,3.7,Design,3
Colin William,0.04498950883513317,0.7797550345957279,0.08166648022830486,0.7408038618788123,0.08355118539067917,0.2609863569878507,0.862938368441537,0.02499871257226914,4.7,Psychology,25
Colleen Delaney,0.013183363992720843,0.969449234008789,0.0010108509217388929,0.9425693988800049,0.0015461771981790662,0.26751537919044494,0.7889386087656021,0.0006989169400185346,5.0,Mathematics,5
Corrinne Lim-Kessler,0.0059098047146108005,0.8526434134691954,0.026671684678294696,0.8803596955537796,0.03981761894072406,0.10574331388343125,0.8165333249792457,0.011781741923186928,4.7,Psychology,25
Craig Brown,0.25949650023132564,0.26895662853727115,0.585177405711729,0.5373643854260445,0.3169471831922419,0.5231750139966607,0.1934450618759729,0.2287443738197908,1.5,Finance,25
Craig Voll ,0.0069676570477895435,0.9523364663124084,0.002187783713452518,0.8422881007194519,0.002353771182242781,0.44732782915234565,0.8129003822803498,0.0017548851552419364,5.0,Health Science,5
Dan Rubin,0.025869312486611305,0.7582188185164704,0.05996948412852362,0.8358203579299152,0.051153389868559315,0.1904622679692693,0.6569075653934852,0.015720286279683932,4.6,Actuarial Science,25
Dana Tulodziecki,0.2895441435277462,0.5443992150947452,0.17127988829743118,0.6769941210746765,0.025861342006828637,0.33088932782411573,0.3437420575064607,0.09445501996669918,5.0,Philosophy,5
Daniel Conner,0.043095530617283655,0.8609645305573941,0.03693055187119171,0.8212909942865372,0.12540942355408333,0.17821007777936756,0.638284721992677,0.0023409422719851136,4.8,Latin,25
Daniel Connor,0.012541847303509712,0.9962157805760702,0.00045162667326318723,0.9935323596000671,0.0009338409872725606,0.4419630120197932,0.7253790696461996,0.001217903026069204,5.0,English,3
Daniel Elliot,0.023000724575249477,0.7311194463819265,0.03336754889925942,0.8309156960248947,0.05628876455244608,0.16759697896195574,0.6366556939459406,0.018164605629863217,3.4,Electrical Engineering,25
Daniel Flaherty,0.255639178637648,0.37280170593876394,0.41578174580354244,0.5928506653755903,0.151012557654758,0.44733239263296126,0.2807328118768055,0.042720465490128846,5.0,Pharmacy,10
Daniel Nowak,0.19971296074115397,0.37198387411327155,0.3563937215007814,0.6457275143441032,0.19759681819671052,0.5333719180266866,0.26639759282560965,0.08960469392374815,1.5,Business,17
Danielle Kane,0.0015188005985692144,0.9340885400772094,0.0004272229241905734,0.7870907425880432,0.00040742461569607256,0.03893468785099685,0.6651038243435323,0.0007533316733315587,4.4,Sociology,5
Darrell Carter,0.24924357346414278,0.8277941485246022,0.0746264910713459,0.775901801387469,0.014384010500119377,0.5437351757039627,0.5586859424365684,0.001437394852594783,4.4,Political Science,15
David Atkinson,0.05296676316489042,0.8751913300630721,0.02004833410517842,0.95494721558961,0.007829117920747112,0.21295043645130302,0.5343509163411165,0.007214573465965011,5.0,History,22
David Gill,0.003513325098901987,0.991095495223999,0.0007711307378485798,0.9278130650520324,0.0026858169818297028,0.02250105277635157,0.9023810744285583,0.11417320530163125,3.0,Economics,5
David Gouwens,0.13494877074379474,0.5422897091857157,0.3018363650504034,0.7525007793400437,0.2720520975650288,0.49665206199046225,0.4413316678791307,0.052244080145610494,2.7,Aviation,25
David Nolte,0.08501018535268183,0.5463197261948759,0.3606118971624205,0.7389898954166306,0.21418584208974303,0.49060413297007066,0.24495031154300603,0.11265655902550659,3.1,Physics,9
David Norris,0.08174903642386198,0.6687584301549941,0.106090036398964,0.736522276699543,0.16352339192526416,0.36819966725306585,0.5771714513131883,0.042116496165981517,4.7,Mathematics,25
David Riesbeck,0.17847179738479704,0.4033548164867777,0.3841172530337644,0.565254447554859,0.18159893612634428,0.3047052558758878,0.26640178677189397,0.17322540422537713,5.0,Liberal Arts,24
Davide Ziviani,0.04748469596753629,0.839394666420828,0.10208723768716611,0.8451290226408413,0.06315079650708608,0.2617003520218922,0.7306105620560369,0.05109894056139248,4.2,Mechanical Engineering,14
Dawn Marsh,0.13212997197379908,0.6302661394954405,0.21600148631445004,0.7414210506037555,0.0627572032919323,0.2857242319362492,0.3375518088287208,0.10266422418168407,3.1,History,22
Dawn Stinchcomb,0.14395781898638232,0.607500414798269,0.2756459067331161,0.7127748523652554,0.1187548768776469,0.36969060277799143,0.5599776444898452,0.0552779924380593,1.9,Spanish,25
Dean Ballotti,0.29226629827272793,0.34283574641449377,0.522355983402003,0.52636501820677,0.3583285935316741,0.5927702156401685,0.16941604819832087,0.17631087761433067,4.4,Elementary Education,23
Deb Henneberry,0.12566763958117613,0.6128562603213746,0.24943680849052421,0.617359133126835,0.09485332718274246,0.32512999698519707,0.46317470974948566,0.11861857993062586,5.0,Aviation,12
Dejanir Silva,0.003934825421310961,0.8166461512446404,0.0272609633335378,0.8290499657392502,0.007762552096392028,0.04868808251339942,0.8924085617065429,0.01954659574839752,3.0,Accounting,10
Dengfeng Sun,0.04664502668982515,0.6503724026731036,0.20431605105449518,0.7487985369785187,0.16574904183597447,0.37453528959304094,0.3967199274316394,0.04052058865244572,3.7,Aerospace Engineering,13
Denise Zielinski,0.2998710929136723,0.16163494225009345,0.5283823714358732,0.3460792323201895,0.2612694411724806,0.6433396862726659,0.09590354682761244,0.11136416606605053,2.0,Biological Sciences,25
Devahdhanush Swathibanu,0.1358394818380475,0.5526151550438954,0.3529676503385417,0.5200818185694516,0.3519953252907726,0.36389169842004776,0.24085894900781568,0.24520548048894852,5.0,Mechanical Engineering,4
Diana Zulli,0.11726523622991922,0.5233546606513023,0.3877196576947387,0.6702979197320731,0.26748797746942093,0.4917156053302081,0.40633945066340105,0.024955696030266827,4.5,Communication,23
Donald Pappas,0.13994507182834912,0.5220596620701659,0.32568589434073225,0.5135520151411386,0.3415132750283785,0.35591378648077016,0.535730342036518,0.07502466029710257,3.2,Biological Sciences,23
Dong Hoon (Jay) Lee,0.0071410399687010795,0.7796748019754887,0.02253500363440253,0.805107343941927,0.03914318705210462,0.23348466512106825,0.6617737514898181,0.05358575573336566,5.0,Engineering,4
Drew Cox,0.0020607931655831635,0.9974903166294098,0.0005489025643328205,0.9348794221878052,0.0011184059258084744,0.09860425069928169,0.9793813824653625,0.0007085259421728551,5.0,Music,2
Duane  Davis,0.1329005569116109,0.47383781461717767,0.23110176487049708,0.5400533214625385,0.11409782880865452,0.45477668433967566,0.41925068024688195,0.0356194254289019,1.8,English,9
Duane Dunlap,0.24274830776266754,0.42965067115922767,0.14193066488951445,0.6199585845073065,0.06127887063970169,0.5450815968215466,0.3267187464904661,0.049171017085124426,1.8,Technology,6
Dwight Atkinson,0.08987686216382176,0.6231504041435463,0.0843947502850954,0.6128766701689788,0.025643485573319986,0.2885752765328756,0.6378190445331191,0.11572895360378814,3.5,English,7
Dyuti Jha,0.03838235646253452,0.8632360696792603,0.01791233060794184,0.8943115770816803,0.008047682378673926,0.35083530470728874,0.5427650883793831,0.0729618219047552,2.3,Communication,4
Elena Benedicto,0.08826109694580184,0.7198910171864554,0.15150843259913888,0.8215323479279227,0.0728246143325637,0.3277610351493501,0.5908234647422037,0.04894962902029004,2.0,Languages,23
Elise Frketich,0.010336003457196057,0.8796062155067921,0.00892861647589598,0.8787067151069641,0.0031778301240410656,0.12316848093410954,0.763911552131176,0.0016796461027115584,4.1,Liberal Arts,25
Elizabeth Brite,0.006094707544737806,0.90253369944791,0.014535637236501012,0.8710954959193865,0.05626718135560319,0.12397243222464265,0.7892019567419387,0.004340214486243592,4.6,Anthropology,24
Elizabeth Eklund,0.02253282292244526,0.7356910615299757,0.11444890542994611,0.556234707052891,0.17292450446089228,0.09337802392502244,0.662514177034609,0.05552338977129413,4.2,Anthropology,13
Eman Diyab,0.09170202337554656,0.703030556432416,0.15509476120959417,0.8281752074306662,0.07909195485064463,0.27102635394972324,0.6346816241090313,0.01451178668834142,4.3,Computer Science,22
Eric Samperton,0.06358980600322996,0.7057711926421949,0.07620029127740834,0.7097068854740688,0.04438411124699217,0.21692034349377667,0.5568574615421572,0.01320840819555867,4.3,Mathematics,7
Erik Otarola-Castillo,0.12230446365235063,0.693870765370472,0.2614015935081018,0.696875042146227,0.24585616693851384,0.27324414998292923,0.47482580082820885,0.09841928548121359,4.2,Anthropology,12
Erin Ward,0.08866844782824046,0.8548937182349619,0.08000387997708458,0.8599594055364529,0.02375643867465745,0.28915072661523783,0.634554722711376,0.026947809586999938,4.3,Psychology,24
Esteban  Marinero,0.008707684464752674,0.6464228828748068,0.0239734547600771,0.930945893128713,0.009144742604500303,0.10123779159039259,0.6183921893437704,0.027589755598455667,3.0,Engineering,3
Eunsun Smith,0.12210241026245057,0.32226744135143237,0.36164551999536343,0.495298106521368,0.2854938114120159,0.3435012266971171,0.3228769181086682,0.12458278360078111,1.7,Computer & Informational Tech.,25
Evidence Matangi,0.18601805282378336,0.3229155356796885,0.45685719660590013,0.45688322578401613,0.3755440639530813,0.33839283459383296,0.31320077165097854,0.18757869822851111,2.4,Statistics,24
Fecri Karanki,0.032356330595741216,0.45785016126253386,0.20468421220853503,0.6520142104815353,0.12186264722682112,0.506079054098915,0.435069187882949,0.012536719171541998,4.0,Aviation,11
Fenggang Yang,0.2128480047613266,0.7023531384766102,0.06976025066978764,0.7860116749070585,0.028799859897844726,0.5119377977971453,0.6168463146241265,0.002044348311756039,4.1,Sociology,8
Ganesh Subbarayan-Shastri,0.2296646032619345,0.43530994621173974,0.34536896730423905,0.4499792545924292,0.2733233331476667,0.3015503145973472,0.29271930804209073,0.19719945394557298,3.2,Mechanical Engineering,17
Garth Simpson,0.3372402569325641,0.4003197921346873,0.26525762907229367,0.6107221981883049,0.12288242571055889,0.45820231225341557,0.3835415910300799,0.07987293095793575,3.0,Chemistry,25
Gary Cheng,0.02856166968962902,0.6016478598014348,0.2105980412969883,0.7637363539801704,0.20612553934915923,0.17875955460800064,0.6407401846825249,0.044307006768778794,1.5,Industrial Engineering,9
Gary McFall,0.2757051263935864,0.31800542913144453,0.4808881887223106,0.5570056644268334,0.3083896766323596,0.5476224440336227,0.2918766112241428,0.12135230818181299,2.9,Computer Science,25
Gayane Poghotanyan,0.01663531069760211,0.8554557286272757,0.055959774173097686,0.9078666533902288,0.0766808481386397,0.09842540398822167,0.8764965918997768,0.05483306519803591,4.5,Mathematics,25
George Hollich,0.03781776627642103,0.8514547096006573,0.060121949196327476,0.8448960137367248,0.048037733163218944,0.15293212498072534,0.7110613232851029,0.03958605769672431,4.8,Psychology,25
George Mitchell,0.23010244918374442,0.6062985055736805,0.22540615481404147,0.6157550681382418,0.14146924856897003,0.44107059900661144,0.4291953089927311,0.05976043426045707,3.3,Aviation,19
Gerhard Klimeck,0.05202004343736917,0.7844822090864182,0.037916472711367534,0.9150195479393005,0.06688819760689511,0.3972651898115873,0.4419038347993046,0.010690022496273741,4.4,Electrical Engineering,25
Gert Vercleyen,0.02469487723428756,0.960949695110321,0.0016233098390512168,0.9196955645084381,0.0015605969249736517,0.25782915885094554,0.7881790398666635,0.004895570378284902,4.9,Mathematics,25
Gil Cook,0.013426523461627463,0.760142852862676,0.0005102211337847015,0.5642643223206202,0.0026719149900600314,0.3046494436760743,0.8016005059083303,0.003583281592000276,5.0,English,3
Greg Buzzard,0.3049454140554493,0.4555008925885583,0.4444119407349111,0.5815195761620998,0.27090885702442996,0.3526638031005859,0.4342660932413613,0.16733944891020655,4.7,Mathematics,15
Greg Michalski,0.16985734994988888,0.3732788964919746,0.4568224097113125,0.43209917640313505,0.30747525789192875,0.46156180284917353,0.3459113782417262,0.102576041148277,2.6,Earth Science,25
Gudrun Schmidt,0.11478341668844223,0.3853962140949443,0.3320488257938996,0.5575346271367744,0.2379887605935801,0.3359825757332146,0.42482689406606367,0.12376382752205245,2.9,Chemistry,25
Hadiseh Alaeian,0.02061290346318856,0.8449775776534807,0.06417496742142248,0.770374683663249,0.07096427762371604,0.4129549106291961,0.664184683773783,0.0884407735466084,3.1,Electrical Engineering,8
Haitham Kanakri,0.26433847614945,0.27457969292564405,0.5567574475915701,0.34130140027793293,0.311264198626635,0.4426210171500729,0.2303250987011283,0.28369876931471727,2.1,Electrical Engineering,22
Hannah Salazar,0.13474340295831028,0.5876885175866147,0.22956571769184217,0.620210052969364,0.21855801941217998,0.34270343539985615,0.40763450482000524,0.05071297112422494,4.2,Communication,13
Hannah Starr,0.010880309750791638,0.886133291721344,0.031333787351613865,0.9097025227546692,0.004506406649015844,0.22030739504145458,0.7700749414041639,0.0016654127812944352,4.8,Chemistry,25
Hannah Zong,0.20911411847919226,0.07771797443274409,0.5456045824103057,0.4213942582719028,0.2718425311613828,0.5391728766262531,0.0020854367467109114,0.010054217069409788,4.0,Computer Graphics,4
Harold Cooper,0.22466651079917532,0.5160028222049328,0.26675068359408116,0.6444244732459387,0.07459844659832823,0.39764166424154407,0.4438753430052505,0.030739695900895942,4.6,Anthropology,9
Harris Bras,0.1434972848344062,0.4254840526596776,0.13983985821583442,0.597310728260449,0.05116907497202711,0.274419903755188,0.1629571775972311,0.07335227700449261,2.4,Liberal Arts,7
Helge Klapper,0.5426709460360664,0.0214730483920513,0.7963700549943107,0.32154698071203064,0.605863352173141,0.4288604097174747,0.00201082624594814,0.29304932535991873,5.0,Business,7
Hemanta Maji,0.30576741721274125,0.2614775283776301,0.39143851848914185,0.4007896493292517,0.22093801822403394,0.45358554927386446,0.21832064299734258,0.2042384164330239,4.0,Computer Science,18
Henrietta Boowuo,0.23868997078222623,0.42186836439317893,0.30182728661956,0.3851586048092161,0.17607306924349228,0.3010079649143985,0.512886525372908,0.23082651074842683,3.2,Computer & Informational Tech.,7
Henry Chang,0.061820204447722064,0.7290766511228867,0.14496805761242285,0.7539747561514377,0.09448912645806558,0.3230749182822183,0.6132060100696981,0.013324155694572255,4.1,Biological Sciences,25
Henry Williams,0.0722706794476835,0.5403472388182612,0.26457657287392067,0.7089920196061333,0.2694057227175411,0.3412796308596929,0.37804975639058586,0.012776863720015777,3.7,Management,12
Hinayah Rojas-Olivera,0.16375247770920395,0.9927235841751099,0.0018112262594513595,0.9633556723594665,0.013784986012615264,0.13149761436507107,0.7111240088939667,0.005269783164840192,4.0,Agriculture,5
Hisham Benotman,0.02324495554319583,0.8900306798191742,0.07411142042721622,0.8683935149013996,0.036418047609040514,0.10516618659486994,0.8575290442630649,0.04148323211469687,3.9,Computer Science,25
Hitesh Bindra,0.019888766679546928,0.5297004782727787,0.1628708297420027,0.796741436634745,0.04403906993684359,0.30917984756108907,0.543108900077641,0.019639204231290414,3.5,Nuclear Engineering,7
Hongjian Wang,0.4273169628577307,0.44776077531278136,0.2632963787880726,0.6300659514963627,0.02671425182488747,0.510398855432868,0.3930397292599082,0.053402560885297136,3.5,Chinese,5
Hubo Cai,0.04902797736312178,0.597880809483203,0.24754610263202761,0.6509699320251291,0.16093570095836185,0.2703400654824112,0.6185999307040633,0.21992320020217448,3.3,Civil Engineering,11
Huimei Delgado,0.20667429925873876,0.226215081961127,0.5443799472821411,0.32270283687859774,0.2580965588951949,0.5868429407477379,0.22629786194069312,0.21754801333183424,3.0,Mathematics,25
Humaira Gowher,0.2672114672216897,0.6375842671841383,0.11190624348819256,0.7903197209040324,0.13527734476762512,0.39594211522489786,0.4369860192139943,0.04091343514543647,1.0,Biochemistry,3
Ignacio Camarillo,0.3728669464588165,0.14783904363866895,0.7026618607703131,0.34935008973814546,0.6161467637203168,0.5189842917735222,0.15455397263984197,0.17351634069578722,1.7,Biological Sciences,25
Inigo Sanchez-Llama,0.1156734873802634,0.478146512657986,0.3799834777091746,0.7598329447209835,0.1219495192017348,0.4499209488276392,0.37927106840652414,0.005659677197400015,4.5,Spanish,8
Ivan Christov,0.022220018272771716,0.8844088123968015,0.002520754322176799,0.8673734712199523,0.005513171589252754,0.212327343895315,0.7230102138307232,0.005185629097888103,4.6,Mechanical Engineering,13
Izabely Gibelato,0.09846101078966801,0.5754607690773397,0.21815583991172555,0.7032961985942993,0.2591753500455525,0.2914722470185635,0.35582083789896307,0.19916723706145686,3.6,Organization Management,11
J.T. Eagan,0.2035593974078074,0.3685488820099272,0.4265531474375166,0.49618597876280546,0.320804419395281,0.44123514149338006,0.2786820056359284,0.23042083563283086,4.3,Accounting,25
Jacob  Ott,,,,,,,,,4.6,Business,8
James Davis,0.04847296188624265,0.5378036056257164,0.060792847555906825,0.776920959353447,0.03397317427637366,0.15626633819192648,0.442229827788348,0.01591439834252621,4.5,Computer Engineering,6
James Gibert,0.08046711237370295,0.7083866546939438,0.17682873788322062,0.7276432247599587,0.12601983089633803,0.3177071647563328,0.4542247504319271,0.019899499023772985,4.0,Mechanical Engineering,18
James Jones,0.03622549277963117,0.7857753972522914,0.06231879990664311,0.8727175526320934,0.04807636128156446,0.2571415876597166,0.599629748086445,0.05508327123359777,4.8,Engineering,25
James Mollison,0.287392593373585,0.26401125163386535,0.4321995399722769,0.5291462113027987,0.2494585613742896,0.6222482543114735,0.1891322122056685,0.10001729490265818,4.8,Philosophy,23
Jamie Canino,0.044804183575748044,0.8316822640851818,0.11079930202950808,0.8496208109638907,0.15483160428067838,0.3584857026792385,0.6233819289032412,0.05231732334571213,4.9,Engineering,11
Jaroslaw Wlodarczyk,0.1890585750871752,0.41470034343365114,0.3441725391797566,0.46696348285250777,0.32894782877540113,0.47119443905022407,0.4626153521417614,0.17611642753278525,3.4,Mathematics,18
Jashiel Resto Quiñones,0.17922924319282174,0.6014892867145439,0.32451642110633355,0.5873782218744358,0.12960019406940168,0.9404008785883585,0.014519945563127598,0.025608131972452004,1.7,Philosophy,3
Jason McKinney,0.20029487679712474,0.29666609163861724,0.41549837082624436,0.43520374480634927,0.28738127476652153,0.449311641426757,0.2748558013292495,0.1882247246755287,3.4,Engineering,25
Javier Gomez-Lavin,0.14082657691970882,0.8041407740416212,0.11461422676155861,0.7325209594435163,0.0932601124222856,0.32895648707118297,0.41429936044409665,0.021467706427857693,3.9,Philosophy,9
Jay Gore,0.011995590925216675,0.9146449983119964,0.006979251049924642,0.9251645874977111,0.0024329050874803216,0.2776585405273363,0.7092640702612698,0.0022169744805432857,1.5,Mechanical Engineering,25
Jean Chmielewski,0.08235944717889651,0.6682982560247183,0.10616711345268413,0.7647131495922804,0.10713949593948201,0.4133487385138869,0.4393558395467699,0.04461780050070956,4.5,Chemistry,25
Jeanette Aguilar,0.176712929175701,0.5656138663692399,0.28282638408476485,0.615530541241169,0.17774411638849416,0.39375390514731406,0.508586761543993,0.11268711632001213,4.5,Engineering,25
Jeanine Conklin,0.24366346662864088,0.4381261060666293,0.33441538174869495,0.5549265360459685,0.12882165774935855,0.3435463360138237,0.397123085972853,0.12685220774146727,2.3,Chemistry,25
Jeff Turkstra,0.2694557472877204,0.11240063428180293,0.414354339200072,0.2857396269030869,0.24405104553326964,0.40504561363719405,0.11376410782570019,0.15915084603475407,2.5,Computer Science,25
Jeffrey Siskind,0.24215752697879603,0.6367992740609528,0.25160292966999503,0.6368085735787948,0.0514986675552791,0.3214785154947701,0.522759500236134,0.046919269780725394,3.2,Computer Engineering,12
Jeffrey Stokes,0.15756971294758843,0.41549780184868723,0.3153462603222579,0.7748815545812249,0.23209888117271477,0.5008316507562995,0.5225378055591137,0.13899975137901494,3.6,Economics,5
Jeneen Fields,0.1361159262548123,0.5170386167010292,0.3285241760519663,0.6032875209736327,0.13392030333246416,0.4437799279403407,0.4966985393912182,0.13268232605454008,2.9,Botany,24
Jennifer Hughes,0.22646155767142773,0.5498396723220745,0.32453913863476674,0.5952281852563223,0.10031823175571238,0.09665756424268086,0.30824438808485866,0.011268643681736043,5.0,English,3
Jeremy Miller,0.29074302027445464,0.42688755214580204,0.3681130569325649,0.5898217125130552,0.20627653207408175,0.4674440382514149,0.35603274835739285,0.19096179971183164,3.0,Mathematics,21
Jessica  McAleer ,0.004017610801383853,0.9443987011909485,0.0018389523320365697,0.9244423906008402,0.0007505887867106745,0.10458167518178622,0.6012994572520256,0.002147797126478205,2.0,Psychology,3
Jessica Conner-Strunk,0.12279398281127214,0.43941772436141036,0.3555523740744684,0.5197656496614218,0.1906045103003271,0.3215958055248484,0.29167839847272264,0.3119098615529947,1.3,Computer Science,25
Jessica Mercado,0.09110637091798708,0.7804221229674294,0.1298833054228453,0.7640158322453499,0.1060955359780928,0.2509532059519552,0.706314680413343,0.04201459964737296,3.1,Liberal Arts,25
Jianxi Su,0.04672774110388543,0.7607530859698143,0.14818538921411215,0.6910865048744849,0.14662628626060073,0.45856710737487966,0.46058787046266453,0.015707577994492437,4.9,Statistics,14
Jill Gulker,0.05626431755721569,0.7030576095357537,0.15552974802441896,0.7955054622888565,0.14732235454255715,0.3365509537700564,0.6099090805836022,0.005783282258780673,3.8,Psychology,25
Jill Shalabi,0.16154570465441792,0.7036843319935724,0.21424804109381512,0.8210402745753527,0.20495372990961186,0.4479779803007841,0.4351740407268517,0.024391785932239146,2.4,Mathematics,25
Jimmy (Zhe) Zhang,0.34191884969671565,0.004384422364334266,0.9300203522046407,0.20048927453656992,0.8221936424573263,0.4086462534032762,0.026687837690891076,0.3657081440712015,1.0,Industrial Engineering,3
Jinsuh Lee,0.05634486610069871,0.34157057479023933,0.3331737213942688,0.44758679904043674,0.2177126552851405,0.422498944029212,0.38326807410921904,0.13799798636464403,2.4,Marketing,5
JoLene Lark,0.2791091389177988,0.6316406551438073,0.264256978717943,0.22308085982998213,0.057976951667418085,0.18020950440162173,0.6181186267640442,0.258113239853022,5.0,Technology,3
Jody Watkins,0.08222318867817247,0.7709322382065961,0.07769692604265668,0.7610516885624212,0.03206630597432034,0.14124113438062041,0.8012619142160368,0.01514147563584094,4.2,Liberal Arts,17
John Howarter,0.0031851810885460247,0.9900884968893868,0.0011171515590311693,0.9008467793464661,0.006156205332704953,0.07778899110521056,0.9253011686461312,0.0016664048889651895,2.1,Materials Engineering,7
John Nash,0.05764338370984964,0.4697419163251955,0.321416980700936,0.5879683995444793,0.249540878496191,0.2905378795148863,0.46108644393098075,0.023800510996807134,3.5,Chemistry,24
John Peterson,0.18192761461250484,0.634120541314284,0.09072903733855735,0.7214598755041758,0.05120528427263101,0.16649659257382154,0.4682243823384245,0.10403846794118483,3.5,Physics,3
Jonathan  Soucek,0.30028173699975014,0.6115044330557188,0.08689415746872935,0.777889351050059,0.06967628324249138,0.8599068522453308,0.2220530944565932,0.0024183832380610206,5.0,History,3
Jonathan Shannahan,0.32521984283812344,0.473997141499157,0.3617761084090241,0.6811675097454678,0.20441671171945267,0.5880191136490215,0.30987943255670625,0.10294459166206335,5.0,Health Science,11
Jonathan Wilker,0.35965826610724133,0.09237555398916204,0.4695953155557315,0.4196714907884598,0.19301211213072142,0.3500260009119908,0.0014322794644006838,0.49238043775161106,3.7,Chemistry,3
Jorge Romero-Day,0.1885393223797326,0.7246571836682657,0.13239363484622335,0.7723816883351121,0.03040657304310506,0.3536646401210289,0.5575350402754599,0.014605674489368019,4.2,Business,21
Joseph (Kuan-Hua) Chen,0.027040454335510732,0.8683923894166946,0.012060137165244669,0.9202524577826261,0.02634389794780873,0.2589108605775982,0.6710431141406298,0.01815059838234447,4.9,Mathematics,25
Joseph Lukens,0.06400002182926982,0.6932160531636328,0.22208376794005744,0.7384725704789161,0.13429042579373346,0.41904830634593965,0.6084065941977315,0.10552504232618957,4.1,Electrical Engineering,10
Joseph Makin,0.20651793383715106,0.23569370175149137,0.5235852342933262,0.4122083624954232,0.5145817345991317,0.3665001999567418,0.19717919737740885,0.1405801260843873,3.1,Electrical Engineering,18
Josh Boyd,0.29955241645453495,0.4743616194976494,0.30563643634901383,0.7314874729514123,0.0806558259006124,0.5964178024465219,0.3850209270801861,0.01259126087767072,3.8,Communication,25
Josh Delgado,0.017505112031358294,0.923377513885498,0.01703337249152052,0.7674456884463629,0.003146802647582566,0.19162797947259,0.7925031731526057,0.00970386033198641,5.0,Communication,6
Josh Plaskoff,0.1792564229461797,0.6639943368999022,0.15129336869722465,0.5604416057467461,0.04985867591208911,0.24757798303367703,0.524197354763081,0.016725945660644875,4.4,Organization Management,14
Josh Renfro,0.22774025111226365,0.7421038267039693,0.11680875515332445,0.7755252316594123,0.04792627723189071,0.3933884062664583,0.46268041304312646,0.04644339027581736,3.7,English,25
Joshua  Rendall,0.07443731217478801,0.7613912594346662,0.18561956912162714,0.6908268732950091,0.09424339721070803,0.19139803390550827,0.5654375280220327,0.11982271299971867,2.9,Mathematics,14
Julia Laskin,0.2810779108816253,0.27117819819735206,0.47139600516917807,0.4692174229615678,0.23669615015387535,0.4749122510838788,0.21683481806030613,0.20097980017696196,2.7,Chemistry,24
Julie Liu,0.03613605653323854,0.7837231821923827,0.1999197572527919,0.7329391500912606,0.1987234553749052,0.15711887777239705,0.76589383809284,0.025806434582530832,2.1,Chemical Engineering,15
Jun Oh,0.1916510321199894,0.4369209449039772,0.47402201713994147,0.7260703632608057,0.20501453150063753,0.2679922044277191,0.45337564644869416,0.3699284355156124,3.8,Accounting,5
Junfei Li,0.24243719408288597,0.46861761645646766,0.505742196548963,0.5780858804658056,0.3688295014051255,0.45252953450893985,0.30375789165031164,0.16981987215811387,3.8,Engineering,25
Kaitlyn Hood,0.2220279339258559,0.4372855206229724,0.3341837505390868,0.6172049689292908,0.16753522881073876,0.46006836807355284,0.36083726582932285,0.11348055916605518,2.8,Mathematics,25
Karthik Ramani,0.03764724641107023,0.8249611110775732,0.07991384163091425,0.7347556768357754,0.025167932563927024,0.1621067877719179,0.6282571521867066,0.0018094282981473953,4.1,Mechanical Engineering,25
Kathleen Wible,0.05493393436772749,0.660028285109438,0.18412549155997113,0.6215061897039413,0.1126194086112082,0.2723991680808831,0.5479837151896209,0.17164642763789742,4.5,Engineering,25
Kaushik Roy,0.06295885421374502,0.4887635388954853,0.2618552121818842,0.5013523256406188,0.1372725362734248,0.22477080915899325,0.46090977791852006,0.08786889089193815,3.7,Electrical Engineering,15
Keith Dickson,0.30757789948489517,0.5607103515090421,0.27871515292674304,0.7043021554872394,0.25344631098094395,0.41618854525266213,0.4444366246031132,0.14733172065229155,4.3,Classics,25
Kelly Schultz,0.0054954958613961935,0.9475798408190409,0.0013144754241996754,0.9858154654502869,0.0017174775421153754,0.14350583652655283,0.9738616545995077,0.001802448716868336,2.3,Chemical Engineering,3
Kendall Thomson,0.024523816210906563,0.870338192442432,0.03696789983223425,0.9154151156544685,0.018012039368234884,0.24984221541672014,0.7216070768772624,0.005421603184610528,3.0,Chemical Engineering,24
Kenji Matsuki,0.10601305951364338,0.8204817218147218,0.0708984920947114,0.8381946164369584,0.037851058492669835,0.4417206509038806,0.42556246879859827,0.004244526048423723,4.7,Mathematics,25
Kenshiro Oguri,0.167243901999124,0.8253262081416324,0.11236629343572228,0.6804685265524313,0.19080743888722887,0.1859312972810585,0.6595847211719956,0.02311404298719329,4.2,Aerospace Engineering,6
Kent Quanrud,0.1309651850746013,0.7216965364059433,0.1861193943070248,0.8044163330830634,0.060343940637540075,0.5189325380930677,0.5030899098864756,0.010503677632659674,3.5,Computer Science,25
Kevin Kircher,0.22398761903168635,0.39832327418262137,0.43425180097401606,0.482284751534462,0.2772999968670774,0.36729926727712153,0.37809120090678333,0.20715977182844653,5.0,Engineering,5
Khalil Breidi,0.09186038101674057,0.7230657585663721,0.16678263062785845,0.6534678994119167,0.13717200586921535,0.2742881851573475,0.6821317219466436,0.04691420444403775,4.8,Computer & Informational Tech.,25
Kiril Datchev,0.18234816911931642,0.3814521303455181,0.42216663178474206,0.5495424290352008,0.2502864148854689,0.4953007862410125,0.2886387074677794,0.11351185789852239,4.8,Mathematics,17
Konstantinos Ameranis,0.04096022807061672,0.9851737221082052,0.0016587092153107126,0.8803536544243494,0.0026702797185862437,0.5325491999586424,0.5188425913220271,0.002147792256437242,4.7,Computer Science,6
Kristen Swartzell,0.2568798905883271,0.45706284541385966,0.42844077599763225,0.5915605544757384,0.32918413197218727,0.4266229157264416,0.2336800183424762,0.10554399132692757,2.5,Nursing,13
Kuan-Ting Yeh,0.36701327469199896,0.29508338833693415,0.6321839385948677,0.466245168370993,0.5368463438270348,0.5213570669293404,0.28457546148482443,0.29710913334773587,5.0,Mathematics,7
Kurt Ristroph,0.010812999354675413,0.9212175846099854,0.027499193587573245,0.9732669115066528,0.20153784563299268,0.27981153279542925,0.5472830355167388,0.0019811296835541723,4.5,Engineering,5
Laura Elenbaas,0.3061444285034668,0.4342486981826369,0.4319521791418083,0.4899896850809455,0.15154204779828434,0.28195092915557324,0.33635911547171415,0.11973519274615682,5.0,Human Development & Family Studies,10
Laura Urba,0.08607893598265946,0.6220176268834621,0.16765810684068128,0.7875203424692154,0.08654275962151586,0.3670989546482451,0.5136303745629266,0.06903378048562445,4.3,Statistics,25
Lawrence  Mazur,0.02435120257885299,0.8409339298183719,0.07702369974221154,0.8814648555384742,0.005349357379600406,0.3143788212392893,0.6395788649614487,0.01389522661985312,4.6,Economics,18
Lawrence Crynes,0.0009598041069693863,0.9916509985923767,0.0005733690341003239,0.987218827009201,0.0004521175869740546,0.215787171269767,0.5047511798329651,0.0014567689213436097,3.5,Industrial Engineering,2
Lawrence Hiday,0.30595930363517254,0.4597446907835547,0.340775997111341,0.631449302365072,0.34474927065661176,0.4013092892430723,0.3513561921135988,0.14400168864289298,3.0,Computer Science,25
Leeann Moss,0.11824487471836619,0.8076743102585897,0.08486103457282297,0.8030019009113312,0.07782324899570085,0.3528987907944247,0.629831760636298,0.03284619679208845,4.7,Economics,25
Leonore Findsen,0.1755283105170141,0.20671480350695978,0.5642373243438973,0.4723640542360954,0.30191891796372755,0.3762360098165421,0.3318893691575795,0.11797645928891143,1.6,Statistics,24
Linda Ficht,0.20995873235864565,0.294322564387694,0.49421464625629596,0.5608343856781721,0.260356567511335,0.4142285995930433,0.22138711919193155,0.2842889450141229,1.3,Business,25
Linda Naimi,0.016045264349991664,0.8802140338553323,0.06620590369695695,0.8496288061141968,0.040711954255433135,0.1404834048719042,0.857217916339222,0.08279560073666896,4.8,Organization Management,9
Lindsay Rosokha,0.05075828837968099,0.8351685296123227,0.12359703103235613,0.8509987473487854,0.09125005018043643,0.20235429696428278,0.6589348120459666,0.058480751070116334,4.5,Organization Management,15
Lindsey Wedow,0.007258215238107368,0.9865824699401855,0.0006971803159103729,0.9497665703296662,0.0009576357697369531,0.2805091345915571,0.7796318538486957,0.0019780936738243325,4.9,English,10
Loring Nies,0.15123109820764513,0.6576225974038243,0.13578758968738838,0.7819536784291268,0.10152314528124406,0.3579743280634284,0.5690477773337626,0.05745395109406672,4.1,Civil Engineering,25
Lu Su,0.12336384316440671,0.5440034497180022,0.25276908950181676,0.4891784231411293,0.21508880780020262,0.35156485261395576,0.4543530493538128,0.047873100455035456,2.7,Computer Engineering,10
Luis Gomez,0.30472720626858063,0.32675755565287545,0.4297020537851495,0.5586425289511681,0.21502885415611672,0.5553251774981618,0.20879547739968984,0.198122649519064,4.8,Electrical Engineering,16
Luis Rios,0.009218809830296474,0.9579488237698873,0.0014065850021628041,0.967191070318222,0.002559401822509244,0.19868919103949642,0.8912267784277598,0.038878242688952014,4.2,Business,6
Lynn Parrish,0.34429008127578226,0.42809349800882046,0.47277628429583274,0.5895487778082801,0.20923563401205078,0.4541361971884423,0.3986137202252091,0.13248191908132867,4.9,English,24
Mahesh Sunkula,0.12172742737922818,0.7096064960584044,0.11829126207856461,0.8279438936710357,0.0703973111056257,0.26360958117293193,0.6395529723889194,0.007682831282727421,4.2,Mathematics,25
Mallory Kern,0.24931239740302166,0.23464110760687618,0.6564685732858683,0.3486641275812872,0.43968983847541193,0.49204982925827306,0.17665852476784494,0.3369697416977336,4.6,Chemistry,24
Marc Rathmann,0.008113366457109805,0.8899320363998413,0.01769341668841662,0.8187554702162743,0.024161557888874086,0.15066081208351534,0.8565548732876778,0.0009074446206795983,4.1,German,8
Marcus Thompson,0.3051184612490675,0.12476062970338664,0.6516378409064868,0.35428586059852557,0.4062868386561818,0.6524551729945576,0.10140053721261211,0.2311618927462191,1.8,Computer  Informational Tech.,17
Maria Okuniewski,0.002242444665171206,0.9910833984613419,0.0006692898459732533,0.9717937409877777,0.0019799392684944905,0.0757941915653646,0.7445784956216812,0.0004127356151002459,2.5,Materials Engineering,4
Maria Waggoner,0.014122828550171107,0.5228512927889823,0.16798986583016812,0.4869191274046898,0.07484656753949821,0.33426838666200637,0.6693949867971242,0.02074110812973231,3.3,Philosophy,5
Mario Ventresca,0.368699651347318,0.23604767809714153,0.46875867480412126,0.43590194603893906,0.38853267249214696,0.7195393012370914,0.10996290387204984,0.17747570081216205,3.3,Industrial Engineering,24
Marissa Knox,0.16014146049900985,0.4136750317993574,0.3074727983822903,0.44060119642661166,0.279071604152425,0.4499216951931325,0.3561318557946764,0.17889342918463697,5.0,Human Development & Family Studies,13
Mark Klehfoth,0.1454839136172086,0.16480107737355865,0.5360143392533064,0.3501911787362769,0.6116843590629287,0.31841077661141753,0.13370963689114432,0.21985853942343966,2.3,Physics,25
Mark Lehto,0.19139263138873502,0.16841171859530732,0.7585026801459026,0.2992956461198628,0.6665029241121374,0.4620402982831001,0.10727175292675384,0.2775709444680251,1.3,Industrial Engineering,25
Mark Wilson,0.13595618354156613,0.14797501743305475,0.7086205451050773,0.5051052913601909,0.3623244995251298,0.500956927592467,0.14676583271856153,0.0327303625111069,3.7,Health Science,7
Marta Crowe,0.1411254306754563,0.6675033399020321,0.14271402498474345,0.6907644866779447,0.08269117202144116,0.2584545818786137,0.6346902372757904,0.035615144905168566,4.3,Computer Science,25
Martin Corless,0.0262591757004291,0.6972379476014201,0.12257005446134946,0.680400766958685,0.15193475681260918,0.16746045847210791,0.6539614532831246,0.08661733200373735,3.6,Engineering,23
Mary Beth Lencke,0.08154953428958026,0.4898520019681503,0.26987250223626486,0.523444862001472,0.08830698194732475,0.3057946122005685,0.3708572909753356,0.09725697898668134,3.7,General Studies,9
Mary Comer,0.19072387026622892,0.14742470358498394,0.6562219729507341,0.41016225099563597,0.41595219845068643,0.4318684998527169,0.1402104790136218,0.25341363105457276,1.8,Electrical Engineering,25
Maryam Al-Othman,0.1866774702258408,0.7022231463296339,0.21127052944910246,0.7933952771127224,0.09352836098871194,0.41516196774318814,0.4996678634907585,0.037704312435816977,4.8,Electrical Engineering,25
Marybeth Miller,0.2914244467345998,0.4610734320746269,0.32876739275525324,0.6228145815990865,0.08281498360913248,0.5105125224776565,0.3415120074816514,0.10498783056391403,2.7,Chemistry,25
Matt Hauske,0.13996313637956823,0.4114859222366552,0.32065134709894966,0.41378608920301,0.19180827671273923,0.2922588026995072,0.4409542149587651,0.1625832241285631,4.3,English,12
Matt Jones,0.05841271011158824,0.6181462526321411,0.04676435205619782,0.8573022723197937,0.1244031131733209,0.227362197637558,0.5900572910904884,0.03179792445152998,5.0,Organization Management,5
Matthew Huber,0.20467741617984656,0.5953068461902957,0.29086612163195646,0.7097937538055703,0.21451762902142946,0.3225077282566215,0.5020203176277896,0.15012856587256668,2.4,Science,18
Matthew Route,0.14924154644540977,0.3591746402332016,0.5137583718169481,0.44149355062594015,0.4166070753587216,0.2712070053385105,0.46749495831075666,0.030778469030337874,3.1,Physics,12
Matthew Swabey,,,,,,,,,2.5,Engineering,5
Megi Papiashvili,0.11823432914180947,0.6626975128061271,0.26339359902444165,0.533781448379159,0.2857630098005757,0.38509684867624727,0.4154898671549745,0.12292722861249265,5.0,Spanish,7
Melanie Fox,0.33192494911840187,0.24594232952804304,0.4503222463221755,0.44660284303128717,0.34424554504803384,0.5021300770528615,0.17460080010816456,0.14634940361254847,2.5,Economics,25
Melissa Swisher,0.41724588533863427,0.13635566448559985,0.6104167556227185,0.48684529066085813,0.3770485692331567,0.5310135504975915,0.1083205372444354,0.2061367842555046,2.6,Psychology,25
Meng Cui,0.18416787767438852,0.49526653346732596,0.3326432624638652,0.7536983594975688,0.21459590456586078,0.33604914702961897,0.42778891322615725,0.0883365503872152,3.3,Electrical Engineering,22
Michael Borkowski,0.15405832725809887,0.32660314780514454,0.4578435971828488,0.4618982147561231,0.4034234462445359,0.35488858609460294,0.32197981786885066,0.14581628527957946,3.6,Computer Science,24
Michael Brownstein,0.07281018297420815,0.8604442050820217,0.05931087903794832,0.8712232029438018,0.08841236707987264,0.2456036629062146,0.697947067997884,0.012441921209683642,2.6,Political Science,25
Michael Heinz,0.3714015604928136,0.668738542124629,0.0865008567343466,0.6250667814165354,0.28175289183855057,0.9213127493858337,0.12208321364596486,0.023660030914470553,3.3,Biomedical Engineering,4
Michael Jacovides,0.09331154135521501,0.4961038430267945,0.26279744804720395,0.6685164869204163,0.14863342738943175,0.2438772364333272,0.5044630642072297,0.13178013971075417,3.4,Philosophy,25
Michael Malone,0.14326505027711392,0.4199025854584761,0.37030131598876326,0.6777765341103077,0.2231026792956982,0.31281995251774786,0.3722829599690158,0.1249286284612026,5.0,Humanities,10
Michael Steinhour,0.03925896919798106,0.6210328864306212,0.24092091908794827,0.6849024781584739,0.1433573596237693,0.33334325305651874,0.55606895678211,0.06931448394898325,4.8,Sociology,25
Michelle Albitz,0.23282609742891508,0.6549174966959981,0.19392602086736588,0.7248030997812748,0.14135236152360448,0.24811316466366407,0.540941906880471,0.034629751407192086,3.9,English,20
Michelle Michelle,0.00250906974542886,0.5994437858462334,0.000702415854902938,0.7867638468742371,0.00047271326184272766,0.009943978511728346,0.5002219560556114,0.0009823531727306545,5.0,Mathematics,2
Mikhail Atallah,0.060821291197498795,0.7205385914348881,0.17362152025331548,0.8191151539698088,0.05936207755075884,0.3673172746784985,0.5077471811055148,0.04181613084680672,4.1,Computer Science,24
Miltina Gavia,0.10807011293299082,0.7772390238112874,0.09022277751420107,0.8315815697941515,0.06561085033819028,0.559583031203753,0.6065617439130114,0.008022686503762897,4.3,Business,18
Mindy Hui Tan,0.12314241426065564,0.5217369198799133,0.28619677868361276,0.6804252862930298,0.06655651466765751,0.3826101782421271,0.5896953505774339,0.021153738101323444,5.0,African-American Studies,3
Ming-Yu  Ngai,0.08481916585990873,0.5683713380533916,0.10366720129520847,0.6670366634543126,0.07609672258079697,0.4078462846093596,0.3133567946542126,0.007130334417944631,1.8,Chemistry,13
Mohammad Jahanshahi,0.09327444524008213,0.7726137536734788,0.1225784615026382,0.8281773251035939,0.07561745308213057,0.3604955428239444,0.4635648204939966,0.062427261845542766,3.2,Civil Engineering,23
Mohsen Mohammadi,0.2841103609119143,0.18258296839693294,0.5540160025079136,0.409036573022604,0.2339309059149985,0.3826299863202231,0.2132990412896366,0.4858457154228485,3.1,Agronomy,7
Monica Gamez-Djokic,0.23153470446490437,0.6516100700797611,0.1915183322133472,0.8074417613250645,0.12762802792866224,0.6417921312937611,0.24021388056663504,0.0904146585104938,3.3,Business,19
Monica Torres,0.1157945447318655,0.3527410957017093,0.3774603543168355,0.5204990997888326,0.25730324299296453,0.44580606759215397,0.36754250105115627,0.15974796272902972,2.9,Mathematics,21
Moongyu Park,0.023131154996614594,0.6071689489811737,0.18619823993746346,0.6759850842257341,0.09995901366346516,0.2880925693219372,0.5738275060515056,0.07384547525725793,3.9,Aerospace Engineering,24
Negin Goodrich,0.044740348225733376,0.8503422246259802,0.05793910502346561,0.767966558389804,0.016492319711045745,0.145100963757346,0.7373672762871993,0.05083510423633818,4.7,American Studies,17
Nick Lohr,0.038306192601642884,0.8567697880789638,0.03208242103391967,0.816852028365247,0.01659920595678462,0.24708599713630974,0.5777280252077617,0.03044168881266766,5.0,Mathematics,24
Ning Zhou,0.04373176056625588,0.5622344901203178,0.22485145248148392,0.6858291315313961,0.22254032184095454,0.20968430311352546,0.4683463632245548,0.14328975516712358,3.2,Computer Science,14
Nour Khoudari,0.142502234616716,0.6011959405732341,0.18453334051550233,0.44434709740536554,0.15877792507360158,0.3553787054760115,0.6597887108593048,0.13721632430263395,4.9,Mathematics,7
Of Ford,0.18864301470217898,0.47620777774136513,0.2702194430920131,0.5618579387664795,0.09856328259817981,0.5616713471929816,0.3475786483887693,0.16786297162145594,3.1,Liberal Arts,17
Oleksandr Tsymbaliuk,0.25738838962702587,0.7246110294098881,0.16632450762501155,0.6995075297626582,0.021257228109541094,0.28045912317677657,0.48264123884093185,0.028079520662272858,4.4,Mathematics,11
Orla Hart,0.3894733116752468,0.3003834740933962,0.4955623210815247,0.4501580797880888,0.21488213404431009,0.5728706356137991,0.1693694256467279,0.23687214980716817,3.6,Biochemistry,25
Osman Basaran,0.23890385364012962,0.5146812058916442,0.2806324383749267,0.6577850638423115,0.11924324992419728,0.5304715399715033,0.36769298911465076,0.13571645771894095,3.3,Engineering,22
Pablo Zavattieri,0.007173819304443896,0.9903323531150818,0.0015496309497393668,0.862905740737915,0.10348819739883766,0.28195103704929353,0.5301146179437637,0.0013233585050329566,2.4,Civil Engineering,5
Pam Porterfield,0.269978832360357,0.09378379948902875,0.598354732170701,0.4110756363719702,0.44448299568146465,0.5854127104952931,0.13254837534506805,0.1751284925942309,1.5,Statistics,25
Pankaj Joshi,0.04664413664299487,0.644878998208283,0.19987009302448397,0.7973417748104442,0.21183825632827144,0.31441247243095527,0.699510239742019,0.054930812655418944,2.8,Engineering,11
Papia Bawa,0.16216935555683448,0.5401582588430028,0.3169001799472608,0.5886544958502055,0.10882446913747117,0.30277329611591997,0.4702346967638005,0.17946259453543462,1.5,English,25
Paul  Thomas,0.10453664138913155,0.879463666677475,0.0709043129812926,0.9896683692932129,0.03348523493041285,0.3875428377185017,0.7541649548336864,0.003700966574251652,4.3,Computer & Information Technology & Engineering,5
Paul Parsons,0.4494129816691081,0.005266135830121736,0.743795782327652,0.4572111864884694,0.3976878672838211,0.3716791917880376,0.002668360946699977,0.36372404793898266,4.5,Computer Graphics,3
Paul Thomas,0.17256119308061899,0.6232744306582026,0.1630135872331448,0.6133801227807999,0.07188132358598523,0.2763688533683307,0.5193629441887606,0.1115765103616286,1.9,Computer & Informational Tech.,25
Pedro Fonseca,0.23731594430428232,0.10388316507160197,0.6660679357155459,0.26095217022811995,0.37484177210571945,0.5287739649153081,0.10452610177162569,0.2675766646803822,1.3,Computer Science,20
Pengyi Shi,,,,,,,,,3.2,Management,6
Peter Hansen,0.14064769953256473,0.5250630259009389,0.2658871170303125,0.692291870713234,0.12432071599808599,0.4486512475608227,0.3961686290616247,0.011958618143883845,2.9,Finance,12
Philip Mummert,0.10787414114456624,0.7042276450782083,0.10141085619921796,0.7021685899887234,0.06444783197832293,0.38360359537415206,0.38047584412735885,0.08115070529282092,4.4,Mathematics,25
Phillip Baeza,0.12275984621821688,0.6226503106792314,0.1858105830279573,0.793397381901741,0.12140755524831967,0.313126604574231,0.5314755738945678,0.12501102293922137,4.1,Management,13
Ping Liu,0.12718324981064402,0.7166810517082922,0.24584727760520764,0.8120923901775053,0.12525456134296423,0.40695484198762905,0.611779354612476,0.023049130582616532,2.5,Management,7
Ping Xu,0.04128875437425449,0.8366812390391715,0.08144603987107984,0.865688042640686,0.04325089075602591,0.2536357929068618,0.6161079792852979,0.06725925608188846,4.6,Mathematics,25
Qianlai Zhuang,0.2164247757900739,0.2895708277646918,0.3671930413438531,0.4592192629352212,0.2144983170182968,0.22062067907245364,0.3543328249870683,0.2882562534941826,4.0,Earth amp Atmospheric Sciences,8
R.J. Barnes,0.06723635381786153,0.5623605148866773,0.3296515947440639,0.8449258133769035,0.20853514060581801,0.5956721501424909,0.3595141745172441,0.027397402809583582,4.3,Classics,4
Rachel Bailey,0.45508685176768765,0.06789467287043491,0.7103765587407079,0.3063893103125421,0.33375573179430584,0.5716837426139549,0.04911266746057663,0.3235922536352353,1.7,English,22
Raechel Polak,0.12740330302156508,0.6474522707983852,0.13890235633123665,0.7078102751262486,0.07254402936436236,0.3397511458303779,0.5414250256144442,0.0524545740801841,4.9,Mathematics,25
Rajiv Khanna,0.3468887495691888,0.24836705021314426,0.47155649161464275,0.4754728613835242,0.26078694163233096,0.6051366320914693,0.1709980869943845,0.08618497677283206,2.6,Computer Science,18
Raleigh Heth,0.10443327953544213,0.8122508088175285,0.030044775906086823,0.8768978452620407,0.013055389464473896,0.2963923127196419,0.5715224820511745,0.00396572460886091,4.9,Liberal Arts,24
Ramses Martinez,0.1146838869038038,0.6570827970467508,0.22707752525922842,0.7197076592221856,0.1972067657520529,0.3394652403332293,0.6165156916168053,0.0986827839515172,4.1,Industrial Engineering,25
Raymond Yeh,0.23651772835291923,0.7984245501458644,0.14273378551588395,0.8284799098968506,0.02325852878857404,0.26068281978368757,0.4566739649337251,0.003077925316756591,4.8,Computer Science,5
Reed Kurtz,0.07257322349352763,0.5562569299829192,0.22795637392264326,0.606273161675781,0.32635756746516564,0.2784957050392404,0.4503539161430672,0.08488608231069521,3.2,Political Science,25
Reuben Goforth,0.001964345865417272,0.9985807240009308,0.0003050846862606704,0.9963072538375854,0.0003855539980577305,0.11319660022854805,0.9952096939086914,0.0005122533329995349,5.0,Forestry,2
Robert Deadman,0.1804361907299608,0.4434455672558397,0.2594808208604809,0.64483463332057,0.10270484684268012,0.6320405629277229,0.31111484120134264,0.08727395059424453,3.4,Computer & Informational Tech.,25
Robert Jacko,0.02308954270556569,0.23859693929553033,0.25366031533339994,0.31135821603238584,0.3801069982349873,0.1930561348795891,0.43201635256409643,0.0032369809690862895,2.5,Civil Engineering,5
Rodrigo Salgado,0.1168074747713815,0.693105666964714,0.24908668983178878,0.7290192672184536,0.15910809881253435,0.1755727043574942,0.6654373403954585,0.0852059650517601,3.9,Civil Engineering,7
Ronald Agyei,0.17549135751852935,0.5410393178939227,0.2808208798232954,0.6125503994355147,0.1753660020900001,0.3729597224049609,0.4752345042334954,0.03928055826426399,3.0,Aerospace Engineering,11
Ronald Glotzbach,0.16132437279447914,0.07152877665823326,0.6933251519571059,0.2751257802173495,0.4663347354345024,0.5109492342919111,0.1063759305269923,0.31333319361321627,3.5,Computer Science,25
Roshanak Nateghi,0.11985823619033908,0.6509077161317691,0.23732584715617122,0.611112616956234,0.16728366738607292,0.27337002102285624,0.503894677880453,0.010691921270336024,2.5,Industrial Engineering,8
Roy Dejoie,0.16564058874268084,0.5677031101565808,0.2634460512828082,0.6176361899543553,0.19317140924278647,0.41361099922447464,0.5018773452145979,0.1021581949852407,2.6,Management,25
Ruqi Zhang,0.2084248719127992,0.1729615421544832,0.6679268608008547,0.2722082754525428,0.41888248922007804,0.4989406065298961,0.0843673519960318,0.22138117510341823,1.8,Computer Science,13
Ryan Altman,0.11942357517888441,0.5392151954070227,0.2025057952868177,0.7081199064850807,0.17862780357758953,0.4096117269466905,0.46396046687218856,0.11718894733348861,3.6,Chemistry,17
Ryan Cabot,0.0036348751782497857,0.8823625757358968,0.006581166258911253,0.820368873886764,0.0028546251014631707,0.09434684294683393,0.8265587992500514,0.004601915972671122,4.5,Animal Science,16
Saad Haq,0.15941004885127769,0.32452501042047516,0.3550848420499824,0.40457382405176756,0.3542044010653626,0.36480864231241866,0.35399191006436015,0.15579334523063154,2.9,Earth Science,25
Sai-Kee Yeung,0.2849357144534588,0.23974486596416683,0.630981738071423,0.4294429155997932,0.3585983233293518,0.5427184572815895,0.17347763739526273,0.20484893520828337,2.6,Mathematics,25
Sakhi Aggrawal,0.44485467666527256,0.2917279112152755,0.2934016767248977,0.4561171056702733,0.15076371816394385,0.41264571878127754,0.2705965604982339,0.06259809227776714,5.0,Computer & Informational Tech.,4
Sally Bane,0.3306191866286099,0.34510172554291785,0.17736330769548658,0.39484609430655837,0.11239902614033781,0.7145270146429539,0.06064913397858618,0.26523025638016406,4.8,Engineering,4
Sally Ray,0.09215590257250976,0.6348177306208527,0.22396301100282776,0.7389945280738175,0.10481380984735249,0.4098595245668548,0.49852916166128125,0.06718728610212565,4.8,Actuarial Science,24
Sam Labi,0.06095045274560107,0.36354709905572236,0.40024540298691136,0.4933734617661685,0.2924172103193996,0.14931280416203663,0.38113223098844173,0.12483614455413772,3.6,Engineering,16
Sameer Naik,0.042480027213362824,0.9667124971747398,0.002153665252990322,0.9296143564085165,0.004342621499138962,0.2212016642721816,0.7635592826797316,0.0032387282408308238,4.9,Engineering,24
Samuel Bennett,0.3301535012363456,0.7119512095768005,0.13691155100474134,0.7695517778396607,0.03335720107075758,0.4956439144909382,0.4836846711533144,0.01755097961053252,3.9,English,25
Sanjay Rebello,0.11428791048703715,0.5679081667517312,0.1894752550346311,0.6687587609142065,0.09449288363335655,0.44499410956166685,0.47244075416587294,0.043126923626987265,3.8,Physics,25
Santiago Parra,0.4339616534167102,0.27779483284601675,0.32189683097697397,0.5132746575400233,0.3554888954801884,0.401674699670236,0.1433512974804866,0.006305965266489823,5.0,Spanish,7
Sarah Renkert,0.26476599665410405,0.2690591982164834,0.587740728961459,0.4146680404535598,0.38738509244285524,0.5554795875731442,0.26262988975698437,0.06957650965907508,4.8,Liberal Arts,9
Sarah Selke,0.19523425752090084,0.5845520010075739,0.25154884400480015,0.706722136379944,0.14456730401919535,0.4144350373858793,0.4373750166074994,0.027610908459690917,1.7,Computer Science,9
Sarah Sellke,0.11205931246746331,0.48983845256268976,0.2940169586910633,0.7296463178470731,0.19548431250383147,0.38730300035327675,0.5218599124311004,0.09099986300920136,3.3,Computer Science,25
Saurabh Bagchi,0.19013797708787025,0.5493413438368588,0.21518153933808207,0.6481968170404434,0.12869296333868988,0.3076770071592182,0.4752808266878128,0.07739258446730674,4.0,Engineering,25
Sayed Soleimani,0.20838386659161187,0.682237893298734,0.2037710884772241,0.8030809834599495,0.05602769899182022,0.5199124706769362,0.47883880394743755,0.02986867235042155,4.1,Engineering,25
Scott Sorensen,0.061842855284921824,0.6612408898025751,0.19114278815337457,0.582422119602561,0.41210832019569354,0.24965034193359315,0.543707807585597,0.01648647282854654,3.4,Accounting,25
Sean Humphrey,0.0843127150082728,0.6834376099717338,0.2238068273413228,0.7364027211815118,0.15109336603840348,0.2511892675119452,0.5828176460938994,0.07955296660657041,4.9,Biology,50
Seokcheon Lee,0.3397457447135821,0.025595069901707273,0.7018251195549965,0.17802463254580894,0.4461756634215514,0.32742519742654014,0.20073666331397058,0.20713792679210505,4.1,Industrial Engineering,6
Shams  Rahmani,0.5047255468865236,0.03939593341298556,0.8534590601921082,0.15082378623386225,0.530200686926643,0.8662484685579935,0.027098038408439606,0.39764155074954033,4.3,Agriculture,6
Shane Paulson,0.4124470620105664,0.16092252837067159,0.6728675635531545,0.2163355608160297,0.5495910155586898,0.7406200369199117,0.12975637252869396,0.2751590870320797,4.2,Engineering,6
Shaun Kelly,0.04973016483709216,0.3963505007326603,0.1429451495176181,0.7672082483768463,0.03811629521660507,0.5048346534371376,0.48255017176270487,0.001374915277119726,3.4,Aviation,5
Shawn Farrington,0.2556155961751938,0.29646897565806285,0.45246286238194444,0.47852593468036503,0.33551816594786943,0.4965653913561255,0.2701332963432651,0.1869106689840555,2.7,Technology,25
Shripad Revankar,0.35920706298202276,0.2909401087788865,0.5450643169460818,0.2735537439584732,0.30887282381299885,0.39869810491800306,0.23348065138561652,0.21048059540917166,2.9,Nuclear Engineering,5
Shumaiya  Ferdoush,0.09648963168263436,0.7851422367477789,0.1328454439912457,0.8167524982988834,0.10588488904642873,0.2506527130305767,0.6745424815709703,0.0689125718770083,3.5,Engineering,25
Shuyi Weng,0.26525300910696387,0.2185965180688072,0.5889820120646618,0.3336770399007946,0.2760065033566207,0.5450250048935413,0.15919935564161278,0.2585589167708531,4.2,Mathematics,25
Siamak Yassemi,0.2670540902577341,0.18766217467025853,0.5615647306316532,0.3556751953996718,0.32629298406187446,0.474148271381855,0.1653316448442638,0.24161835780367255,2.0,Mathematics,25
Silvia Mitchell,0.2260423738695681,0.4866208924795501,0.34006532084778884,0.4440692363120615,0.21026008210144936,0.3828703867830336,0.4411384776094928,0.15910735692596062,2.0,History,25
Smriti Bhatt,0.18668133797473274,0.4274323919598828,0.31588613016720046,0.6983496136963367,0.2770876803006104,0.2916976794876973,0.45808258710530936,0.04175042882707203,2.4,Computer & Informational Tech.,8
Somali Chaterji,0.17831298731383868,0.6195554563449696,0.2433625616930658,0.6839539705216885,0.139211962223053,0.3041245765192434,0.4186171840073075,0.12025990272173658,4.4,Engineering,25
Sridhar Budhi,0.009329473818926251,0.9484928530805251,0.002808644828345517,0.8588328598176732,0.0012090171846520046,0.1269011238233789,0.7839170427828589,0.004849101370542913,4.6,Chemistry,17
Srushti Upadhyay,0.0027256819885224104,0.8546794652938843,0.030550310659843188,0.9709123373031616,0.0009048014665798595,0.25023812893778086,0.5453740802283088,0.18857180808360377,4.7,Sociology,3
Stacey Smythe,0.04934210699866526,0.7530260836065281,0.1760398537129125,0.5876132716269543,0.24560563564834106,0.3225573559757322,0.45818777071932953,0.022864374611041665,4.4,English,12
Stacy Zuelly,0.1509226337172246,0.5632931891450426,0.21451466467018085,0.6981653545517474,0.07941973309061723,0.3243848949653814,0.47665638417189865,0.06398404709034367,4.2,Animal Science,24
Stephen Leitch,0.033095991979979984,0.8461594730615616,0.0713209913508483,0.8064964012457774,0.05443891427533414,0.27166562862112187,0.7077948388715203,0.024004894223673127,4.2,"Hospitality, Tourism & Culinary Arts",13
Steve Bell,0.12075391641701572,0.8451940032932908,0.07058693876140751,0.866197704076767,0.04192504747887142,0.3149975795159116,0.5652535397419706,0.05722798696602695,4.5,Mathematics,25
Steve Pekarek,0.02363880565389991,0.8431687587499619,0.00991273449268192,0.8193583190441132,0.007359843616141007,0.23429454575758427,0.7452043189108372,0.004077115056570619,4.7,Electrical Engineering,25
Steven Collicott,0.3181866973838104,0.14926950591741064,0.5672615008453639,0.472973778478003,0.2896990887987028,0.5283405873924494,0.11340025445887088,0.2799897678092488,1.8,Engineering,14
Steven Crain,0.0759764266149432,0.6549523664198205,0.18522153268531838,0.6248636053060181,0.12909130053049012,0.32279113315598806,0.4729178249654069,0.12697506064068875,4.8,Communication,16
Steven Lancette,0.007600578537676483,0.9862580895423889,0.008111173927318305,0.9814943671226501,0.009135421729297377,0.18553198254085146,0.7154904957860708,0.01950297923758626,3.3,Mathematics,4
Steven Schneider,0.1338467658081624,0.1904407981616844,0.6475408368444603,0.5151884094146746,0.5851647388938416,0.4193685625629899,0.23416656975833966,0.23053362662903965,1.7,Engineering,7
Subodhana Wijeyeratne,0.010155004929401912,0.9406229725905827,0.013547765057800072,0.8913038415568215,0.005846823235125547,0.24460409808671102,0.7899440804695976,0.03200166204935938,4.7,History,14
Suchuan Dong,0.11183123762550001,0.5958856652935289,0.20613888568054375,0.6689239916476336,0.055456906022630974,0.405639001083645,0.42178292815118434,0.011665636237012222,2.8,Mathematics,11
Suleyman Uslu,0.0044453062291722745,0.9927344918251038,0.0005204746266826987,0.9939004480838776,0.0011055164213757962,0.08899260108591989,0.6144223809242249,0.0010900059714913368,2.5,Electrical Engineering,2
Suman Chakraborty,0.05187687588234743,0.9640061325497098,0.0017566230413245244,0.9717872076564364,0.004345986532926973,0.21792593670801985,0.9662403927909003,0.0038265578008981217,2.4,Aerospace Engineering,9
Susitha Karunaratne,0.0454488379159011,0.8059889562288299,0.08984193652751855,0.753270966373384,0.05757528363494203,0.2137453892454505,0.6502949382027146,0.06742029573884793,4.6,Mathematics,25
Suzanne Zurn-Birkhimer,0.23313307654002288,0.5484057450697659,0.267377338511563,0.7839789461148413,0.17094782243274445,0.355313546205013,0.4458781063011357,0.1158237531122531,2.9,Engineering,19
Sydney Hillan,0.14662198846538863,0.001977150561287999,0.7686956723531088,0.08949444939692815,0.37130435804526013,0.5545153518517812,0.000638905835027496,0.27877193440993625,5.0,Engineering,3
T N Vijaykumar,0.05365685923760267,0.6147891207058963,0.09665358148662276,0.5349145565230987,0.12983035215017336,0.19840072620794863,0.6037761519883612,0.1865236596633239,3.7,Computer Engineering,19
Tamal Dey,0.028868483104319734,0.9032612226226113,0.0016083566403143448,0.7847752909768712,0.0018674776444888928,0.19461184122007003,0.7581262327518992,0.0014119700512806462,4.2,Computer Science,11
Tara Cuthbertson,0.17992174018872903,0.6716703687049449,0.10192896066815592,0.7150739453732967,0.0716176019841805,0.19740145233925432,0.6546431061578915,0.02081591009045951,4.3,Communication,25
Tatiana  Ringenberg,0.005573064996860921,0.9321779608726501,0.00914279005373828,0.7440526593476534,0.2011161089700181,0.1958779662847519,0.6315901905298233,0.0014210678171366453,3.4,Computer & Informational Tech.,5
Tawfiq Salem,0.045234494139440355,0.7334356360277161,0.15157911777147093,0.7473184655979276,0.21656198192853482,0.1994983850454446,0.5619702917709947,0.04037212491035461,3.8,Computer Science,25
Taylor Daniels,0.028914095559490045,0.7345152923039028,0.21607011727090658,0.8053651707512992,0.15277090583861405,0.2012216543579208,0.7180563137933079,0.03956320108513215,4.3,Mathematics,7
Taylor Hebner,0.3753823768347502,0.03983452287502587,0.48471886245533824,0.6129320412874222,0.33706143870949745,0.18068782519549131,0.0024573425762355328,0.012913593091070652,1.7,Engineering,4
Temitope   Olenloa,0.30149862428596763,0.27349094520225964,0.5583141890642259,0.4172931191925373,0.23541111244250917,0.3759855206654821,0.32993763275347493,0.1085073617610356,1.5,Honors College,18
Terra Maienbrook,0.010437671629479155,0.9006728160753846,0.0024279643420595676,0.8917045342922211,0.019979203344555573,0.2249698781571351,0.7759052921645343,0.0032310388353653254,4.5,Accounting,25
Thomas Cunningham,0.015336798375938088,0.8539756506681442,0.03584592049010098,0.8962498545646668,0.00977002175641246,0.15060167042538525,0.8708275020122528,0.08759664944082032,4.4,Aerospace Engineering,10
Thomas Hacker,0.10643008577042362,0.6195601468854066,0.1894755049660388,0.6696163706688417,0.3076664621411409,0.3230376420542598,0.34199528485381353,0.14987263306587315,1.7,Computer & Information Technology & Engineering,9
Thomas Rickert,0.20288675761548802,0.42597332953397804,0.45396296632049293,0.37722453456372024,0.3528923676601456,0.2662849332516392,0.4651778933921984,0.2595195632059282,3.9,English,15
Thomas Robson,0.3241730372590775,0.2851395456924696,0.516946250916755,0.45778801376846706,0.39505945572058077,0.521764238788323,0.15138568662487986,0.2523206917394418,4.8,Liberal Arts,11
Thomas Siegmund,0.1482762899075169,0.541624206333654,0.31693901320395523,0.5550616323947907,0.34621775575506036,0.2885668935952708,0.3518143896973925,0.1340971826110035,4.8,Mechanical Engineering,10
Tian Li,0.08827769625349902,0.8200626299367286,0.12229909257075633,0.9129031524062157,0.0911877572107187,0.2753178409766406,0.6918540777260205,0.0043958666356047615,2.5,Mechanical Engineering,8
Tiantian Qin,0.17192669230513274,0.13431082957191393,0.55832480346784,0.3246906873304397,0.4501652130763978,0.37782919214107097,0.09222286445321515,0.19645423864945769,1.9,Statistics,25
Tiark Rompf,0.08654491973824666,0.5648248988491971,0.27066295144669267,0.53298106091097,0.2961494528669088,0.17771250838025784,0.6176183240507575,0.12927263684382306,2.0,Computer Science,21
Tim Delworth,0.13420025179279038,0.6943943108431995,0.1433465684490511,0.7490991397202015,0.057858388483291494,0.3084559981524944,0.5570097535452806,0.007796637693536468,4.7,Mathematics,25
Timothy Keaton,0.1163880349472276,0.6274048441984978,0.2834628571678574,0.6285727844085722,0.1424904678715393,0.3301188230703008,0.5312980483022762,0.09920076649480809,4.5,Statistics,21
Timothy Whalen,0.23929827416315674,0.41139102072338574,0.4640331013372634,0.5862924795970321,0.2819696954567917,0.5459578432142734,0.17968645337619818,0.13366117336787284,3.4,Civil Engineering,25
Tina Han,0.13604965649574297,0.5614137119118823,0.3217539416054933,0.5798594983789371,0.32185748436859285,0.2714295962941833,0.4915713581285672,0.17546270499406091,2.2,Mechanical Engineering,16
Tina Irvine,0.006606175360502675,0.987496092915535,0.0008123695297399536,0.9296190142631531,0.0008996131218736991,0.26009032409638166,0.736946436110884,0.006100923084886745,5.0,History,4
Tobias Dennerlein,0.20425726407120237,0.4421414809439739,0.3138988206337672,0.5245106271468103,0.16836548518949712,0.34711357923515607,0.3493294246181904,0.1380496916535776,2.1,Organization Management,16
Todd Brewer,0.06813486743097504,0.6598807180352095,0.23169974822020675,0.7862828208340539,0.12100953911107758,0.470640884919299,0.38723543429902446,0.08242864111121485,4.7,Aerospace Engineering,18
Tom Shih,0.48779095962698404,0.1541027337045628,0.6662748047006865,0.26205985268632714,0.4495548202026197,0.5129908876055304,0.05405247215907473,0.2602343814146212,3.4,Aerospace Engineering,17
Tongxiao Zhang,0.04276281769853085,0.4987461154232733,0.4989086641871836,0.43574240803718567,0.5023649614304304,0.05644801014568657,0.26616442983504385,0.002951901813503355,3.0,Consumer Sciences  Retailing,12
Tracy Clark,0.18396199570037425,0.1960127381491475,0.4931250066740904,0.37768147777765987,0.2931142490217462,0.4917480597645044,0.12798704548273235,0.13992648522835224,1.5,English,25
Travis Fuerst,0.07691401527263224,0.49157681908924133,0.24901802605134435,0.4508131323009729,0.12364476707880385,0.4551562342653051,0.4803098053042777,0.03419351782882586,2.9,Computer Graphics,25
Trenton Jones,0.23215498532796197,0.217584247891943,0.656100275837715,0.3071770888510282,0.47498825463370176,0.46385505277177563,0.20862165894916118,0.2070527151176382,4.5,History,23
Tridib Saha,0.30310007493942975,0.11695537373423576,0.6005597533006221,0.3741023194417357,0.2767405940429308,0.5551639218628407,0.08054082439048216,0.19617827105801552,2.1,Electrical Engineering,25
Troy Seagraves,0.1414458552441959,0.8489745893249554,0.037290190625104254,0.9709287370954242,0.008166286699374073,0.31993926000515266,0.7133388261510325,0.002760283341298678,4.5,Liberal Arts,7
Tulin Tosun,0.01942889728350565,0.8939685291051864,0.012893680989509448,0.7936793148517609,0.002094113166676834,0.18834268812788652,0.6957360118627548,0.00798163867671974,4.7,English,25
Tyler Ellison,0.020712769631063565,0.7641130300393949,0.1593494756205473,0.7042060626049836,0.06117717171243082,0.20830176050464314,0.6625279768214871,0.005425020086113364,4.6,Physics,15
Vaibhav Pandey,0.27866620137744275,0.4185924329600918,0.43751989959439797,0.5534622803153026,0.2962111526008119,0.39193970803171396,0.26622751324542887,0.08386693493091679,4.9,Mathematics,21
Valerie O'Brien,0.010695646202657371,0.8812997996807098,0.0009326759143732488,0.9554275393486023,0.0031064592709299176,0.3009660026058555,0.5386053461581468,0.0018099788459949196,5.0,Pharmacology,5
Valeriia Yatsenko,0.30226642230525613,0.14139172641094774,0.6182216657791286,0.5006491609103978,0.38483743882738053,0.669474363392219,0.061974613410420716,0.1831569360033609,1.9,Management,25
Vernon Rego,0.3863605778571218,0.3636445748992264,0.4472942945803516,0.4537819154933095,0.30606323667569085,0.5778696192055941,0.25038498351117594,0.22713323075091466,2.2,Computer Science,25
Victoria  Wang,0.2688392542685116,0.43701931336961153,0.35265725531748365,0.7381364298718316,0.13141903633783972,0.5030926851821798,0.25209020740502247,0.021732804519290636,1.8,Psychology,7
Victoria Prowse,0.0265432734740898,0.663553774356842,0.06374473487812793,0.7670160140842199,0.07824160413292702,0.38627411844208837,0.605544837526395,0.013499662152753444,4.8,Economics,8
Vikas Tomar,0.07040427319225273,0.6320998725714162,0.2581747893273132,0.5636520365951583,0.2336754782263597,0.3394748245627852,0.5564390226827527,0.13556096781030647,3.0,Engineering,8
Vincent Duffy,0.006663056239485741,0.9301264762878418,0.010593091113842093,0.8838267183303833,0.009691436208668166,0.2004337466787547,0.816445174627006,0.007916242838837207,4.0,Industrial Engineering,25
Vishal Shrivastav,0.09520918249036185,0.9347591149806976,0.03893317202106118,0.9176747131347657,0.029476383881410585,0.2717547178827226,0.6396590594854206,0.001989860683679581,4.5,Electrical Engineering,25
Vladislav Marasigan,0.008530285267625004,0.953500285744667,0.001827891421271488,0.8771920949220657,0.0009511028110864572,0.12048778857570142,0.7899195402860641,0.01303710468346253,2.3,Engineering,4
Wan Ting Chiu,0.2341753069704282,0.5857316599625241,0.3118060180458997,0.6185058680615233,0.20469268120238363,0.2951222307116647,0.4403042854501109,0.15502038920143,3.5,Management,24
Wei Vian,0.1112281613983214,0.30239208723651245,0.5717618850758299,0.6050692781805992,0.2882966454606503,0.6527483284473419,0.24634249362861738,0.09363502113264985,2.3,Mechanical Engineering,10
Wei Xie,0.16275569784920663,0.3203478779527359,0.5261605554405833,0.610118206590414,0.31639791252673605,0.6206993754953146,0.17901204008085186,0.0741122176288627,2.8,Physics,10
Wendi Krok,0.3805617979128978,0.4796683894486965,0.4617267795588954,0.5485140411848468,0.2750368937184768,0.5482850045497928,0.4103564475496699,0.19128601304588042,3.8,Psychology,7
Wenhai Sun,0.020045069706005354,0.3736041805241257,0.15412463224492967,0.5837302505970001,0.34421138839873794,0.16294963308610022,0.42969390775154653,0.013158585235942155,2.7,Computer & Informational Tech.,3
William Crum,0.35257705617696045,0.02277054077363573,0.7287417670711875,0.31311580367386344,0.4454455482959747,0.6584446866810322,0.015696899996255523,0.14122914390638472,3.0,Computer Science,25
William Haskell,0.5587127432227135,0.17435830272734165,0.7663260474801064,0.3516133204102516,0.39072347804903984,0.4258962646126747,0.16634548734873533,0.18508487637154758,5.0,Management,4
William Ledbetter,0.14841454170527868,0.5515693470145131,0.18299591678342866,0.6327401726421985,0.2007716700106605,0.4122783106365453,0.5597831620623104,0.05774766517358578,2.6,Computer & Informational Tech.,22
Wojciech Szpankowski,0.15717741325264797,0.46066838689497674,0.33974217032897286,0.627424036655575,0.2029753460222855,0.49653833931544794,0.3487310310930479,0.17753027584054507,3.0,Computer Science,25
Xiangxiong Zhang,0.5330206498127574,0.28031396439809425,0.45260984083422673,0.3199911332474305,0.1992174910667997,0.44075239134522587,0.2574231374802856,0.16628681849733068,4.2,Mathematics,13
Xiaojin Liu,0.28204849399626253,0.2792956935451366,0.5455551549303346,0.4356133698299527,0.38030977703398094,0.6042768526822329,0.19429010596591978,0.10398134093964473,1.8,Computer Science,25
Xiaokang Qiu,0.2219028080930002,0.5072153873023733,0.39952239526901395,0.6351696329191328,0.24698080512074133,0.39179208006244154,0.4640453717011648,0.21046147799740236,1.1,Computer Engineering,15
Xiumin Diao,0.007444827584549785,0.9825697342554728,0.004796850999506812,0.9506102999051412,0.003500010585412383,0.08602438731274258,0.9659626881281534,0.0021354335573657104,1.2,Technology,6
Yangfan Liu,0.009263617252664906,0.963067889213562,0.0011317541648168117,0.9811522790363857,0.12462484678586147,0.18355069948094233,0.9174306477819171,0.001197096480089905,3.5,Mechanical Engineering,7
Yilong Zhang,0.05704275874554047,0.8255093097686768,0.1496579385046581,0.7571102551051548,0.145567764752611,0.3924163601228169,0.6943896099858519,0.008931567123259552,4.4,Mathematics,7
Ying Zhang,0.08977294904878363,0.6379603729187511,0.1945300679234788,0.8025233103334903,0.13400218379683793,0.24678206617245452,0.5357415364577901,0.09218013047589921,3.8,Mathematics,25
Yongle Zhang,0.19320947208325379,0.32999347454945865,0.3668808377891158,0.42791602325936157,0.33955250069266185,0.44739555559741956,0.35192711172567215,0.23499299775479207,2.8,Computer Science,12
Young-Hee Cho,0.16088162600395403,0.3871089906232165,0.273096147637781,0.7604289230491433,0.07845176317329917,0.47278178270374027,0.25121776254880906,0.13350651031526337,3.2,Food Science,7
Yu Lin,0.02073176488435517,0.9485797153578864,0.0008592162242469689,0.8312129643228319,0.000684651263226341,0.162038854491483,0.7973037039240202,0.0013936310262781465,1.2,Statistics,9
Yuehwern Yih,0.09480406131595373,0.64151667927159,0.2562084951752331,0.7426449686288834,0.1506334747339133,0.32510815009940414,0.5246762811986264,0.1626266343006864,3.9,Industrial Engineering,25
Yuk Fai Leung,0.002006454218644649,0.9916821122169495,0.0006677916098851711,0.9973647594451904,0.0005916947266086936,0.12189660062237333,0.9525930285453796,0.00076308431259046,3.5,Biology,3
Yulia Pushkar,0.07851548667997121,0.5708849811088293,0.2151173132972326,0.7745390129089356,0.14598120398004538,0.34192308770492674,0.3305791947734542,0.07170423955773003,1.5,Physics,25
Yunrong Zhou,0.15092911620417404,0.5240755739828779,0.3163925659124895,0.7254357172383202,0.19126331293955445,0.37385710659954285,0.21676747606963748,0.014685566181368712,1.0,Management,9
Zachary Letterhos,0.05201839268556796,0.8297879377823847,0.12017200189438881,0.8386957477778196,0.0019872345983458217,0.48733196903776843,0.5008522072785127,0.014080765573453391,4.9,Statistics,8
Zachary Loeb,0.13039612676560258,0.4882512664732834,0.37891476457589307,0.5195405459652345,0.3518748417671304,0.18057010278183347,0.512216526834527,0.026062141576160987,4.8,History,15
Zaiyan Wei,0.08256304202368484,0.7562201699552437,0.15940321295056492,0.8117426129678885,0.11447156441669601,0.26014520892252524,0.5480804423879211,0.03556122570686663,4.3,Management,15
Zhiyuan Li,0.07425644267117605,0.5520787975564599,0.2745853996661026,0.6918440129607916,0.13242339321528562,0.3203636384312995,0.3947961708356161,0.07525446807791013,1.9,Computer Science,25
Zoe Nyssa,0.06401567322817366,0.4921968369827872,0.2938678466536138,0.7295905484684876,0.15223916636023205,0.2408572611290895,0.5400511110409363,0.1437281541709256,2.4,Anthropology,14
marissa tremblay,0.005462846136651933,0.8462975919246674,0.0031774102099006996,0.8313568234443665,0.002353258023504168,0.05296828504651785,0.8984701037406921,0.0015163755742833018,3.5,Earth Science,2
